push_limit,name,start_min_x,end_min_x,distance,end_blocks,extensions
10,compact_honey,0,1666,1666,7,3334
10,compact_slime,0,1666,1666,7,3334
10,upright_pair,0,1666,1666,7,3334
11,compact_honey,0,1666,1666,7,3334
11,compact_slime,0,1666,1666,7,3334
11,upright_pair,0,1666,1666,7,3334
12,compact_honey,0,1666,1666,7,3334
12,compact_slime,0,1666,1666,7,3334
12,upright_pair,0,1666,1666,7,3334
13,crosslayer_materialswap,14,2514,2500,26,5000
13,crosslayer_mirrorz,14,2514,2500,26,5000
13,crosslayer_rodpower,14,2514,2500,26,5000
13,crosslayer_upright,14,2514,2500,26,5000
13,crosslayer_upright_swap,14,2514,2500,26,5000
14,lightning_rods,14,2514,2500,27,5000
14,material_swap,14,2514,2500,27,5000
14,shared_redstone,14,2514,2500,27,5000
14,upright,14,2514,2500,27,5000
15,four_segment_ring,13,2513,2500,62,10000
15,lightning_rods,14,2514,2500,27,5000
15,material_swap,14,2514,2500,27,5000
15,shared_redstone,14,2514,2500,27,5000
15,upright,14,2514,2500,27,5000
16,crossfeed_compact,14,2514,2500,29,5000
16,crossfeed_honey_front,14,2514,2500,29,5000
16,crossfeed_upright,14,2514,2500,29,5000
17,crossfeed_compact,14,2514,2500,31,5000
17,crossfeed_honey_front,14,2514,2500,31,5000
17,crossfeed_sidebridge,14,2514,2500,32,5000
17,crossfeed_upright,14,2514,2500,31,5000
18,crossfeed_compact,14,2514,2500,31,5000
18,crossfeed_honey_front,14,2514,2500,31,5000
18,crossfeed_longbridge,14,2514,2500,33,5000
18,crossfeed_sidebridge,14,2514,2500,32,5000
18,crossfeed_upright,14,2514,2500,31,5000
19,crossfeed_compact,14,2514,2500,31,5000
19,crossfeed_honey_front,14,2514,2500,31,5000
19,crossfeed_longbridge,14,2514,2500,33,5000
19,crossfeed_offset_rear,14,2514,2500,34,5000
19,crossfeed_sidebridge,14,2514,2500,32,5000
19,crossfeed_upright,14,2514,2500,31,5000
19,five_segment_ring_high,13,3013,3000,94,15000
19,five_segment_ring_low,13,3013,3000,94,15000
20,crossfeed_compact,14,2514,2500,31,5000
20,crossfeed_honey_front,14,2514,2500,31,5000
20,crossfeed_longbridge,14,2514,2500,33,5000
20,crossfeed_offset_rear,14,2514,2500,34,5000
20,crossfeed_sidebridge,14,2514,2500,32,5000
20,crossfeed_upright,14,2514,2500,31,5000
20,crossfeed_wide_rear,14,2514,2500,36,5000
20,five_segment_ring_high,13,3013,3000,94,15000
20,five_segment_ring_low,13,3013,3000,94,15000
12,diagonal_alternating,13,2513,2500,21,5000
11,diagonal_alternating,13,2513,2500,21,5000
10,pulling_alternating,0,2500,2500,21,5000
22,four_push_ring,13,3346,3333,66,10000
23,four_push_ring,13,3346,3333,68,10000
9,pulling_loop4,15,2515,2500,38,10000
57,three_segment_mmwmmw,14,3347,3333,161,10000
127,pulling3_tenbody,11,3011,3000,890,30000
126,pulling3_tenbody,11,3011,3000,882,30000
106,pulling3_tenbody,11,3011,3000,852,30000
37,planar_mmwmmw,12,3345,3333,109,10000
36,planar_mmwmmw,12,3345,3333,105,10000
102,pulling3_tenbody,11,3011,3000,845,30000
18,n3_five_body,13,3013,3000,91,15000
21,n4_twelve_body,13,3346,3333,256,40000
29,shared_source_mmwmmw,12,3345,3333,83,10000
12,ab_push_pull_2body,1,2501,2500,22,5000
24,pull_twice_mmwmmw,1,3334,3333,69,10000
22,pull_twice_mmwmmw,0,3333,3333,64,10000
34,ab_push_pull_7body,10,3010,3000,201,21000
85,ab_push_pull_9body,10,3343,3333,542,29999
71,ab_push_pull_9body,9,3343,3334,502,30000
12,human_tm_smol_3bps,2,3002,3000,148,39000
12,human_3bps_original,0,3000,3000,204,59999
10,human_observer_hop,1,2501,2500,18,5000
11,human_hopping_pistons,1,2501,2500,23,5000
12,human_hopping_pistons_uneven,2,2502,2500,19,5000
9,human_observer_hop,1,2501,2500,16,5000
19,exclusive_roles_3bps,14,3014,3000,183,42000
26,exclusive_roles_3p333,10,3343,3333,296,43334
15,exclusive_roles_3bps,0,3000,3000,178,42000
