candidate,mutation,cell,other,distance160,extensions160,end_blocks
single_000,single,"(17, 4, 21)",,5,102,171
replace_000_slime,replace,"(17, 4, 21)",SLIME,5,114,172
replace_000_glazed_terracotta,replace,"(17, 4, 21)",GLAZED_TERRACOTTA,5,102,172
single_001,single,"(17, 4, 22)",,1,60,173
replace_001_slime,replace,"(17, 4, 22)",SLIME,1,60,174
replace_001_glazed_terracotta,replace,"(17, 4, 22)",GLAZED_TERRACOTTA,1,60,174
single_002,single,"(17, 5, 22)",,1,86,171
replace_002_slime,replace,"(17, 5, 22)",SLIME,1,86,172
replace_002_glazed_terracotta,replace,"(17, 5, 22)",GLAZED_TERRACOTTA,1,86,172
single_003,single,"(17, 6, 22)",,1,83,172
replace_003_slime,replace,"(17, 6, 22)",SLIME,1,83,173
replace_003_glazed_terracotta,replace,"(17, 6, 22)",GLAZED_TERRACOTTA,1,83,173
single_004,single,"(18, 1, 22)",,7,138,173
replace_004_slime,replace,"(18, 1, 22)",SLIME,7,137,172
replace_004_glazed_terracotta,replace,"(18, 1, 22)",GLAZED_TERRACOTTA,4,138,174
single_005,single,"(18, 2, 20)",,7,125,171
replace_005_slime,replace,"(18, 2, 20)",SLIME,7,152,172
replace_005_glazed_terracotta,replace,"(18, 2, 20)",GLAZED_TERRACOTTA,7,125,172
single_006,single,"(18, 2, 22)",,4,143,171
replace_006_slime,replace,"(18, 2, 22)",SLIME,4,148,172
replace_006_glazed_terracotta,replace,"(18, 2, 22)",GLAZED_TERRACOTTA,4,145,172
single_007,single,"(18, 3, 20)",,1,75,173
replace_007_slime,replace,"(18, 3, 20)",SLIME,1,75,174
replace_007_glazed_terracotta,replace,"(18, 3, 20)",GLAZED_TERRACOTTA,1,75,174
single_008,single,"(18, 3, 21)",,7,156,171
replace_008_slime,replace,"(18, 3, 21)",SLIME,6,101,172
replace_008_glazed_terracotta,replace,"(18, 3, 21)",GLAZED_TERRACOTTA,6,143,173
single_009,single,"(18, 3, 22)",,4,117,171
replace_009_slime,replace,"(18, 3, 22)",SLIME,4,97,173
replace_009_glazed_terracotta,replace,"(18, 3, 22)",GLAZED_TERRACOTTA,4,117,172
single_010,single,"(19, 1, 22)",,7,138,173
replace_010_slime,replace,"(19, 1, 22)",SLIME,10,168,172
replace_010_glazed_terracotta,replace,"(19, 1, 22)",GLAZED_TERRACOTTA,7,138,174
single_011,single,"(19, 8, 19)",,7,218,172
replace_011_slime,replace,"(19, 8, 19)",SLIME,3,104,172
replace_011_glazed_terracotta,replace,"(19, 8, 19)",GLAZED_TERRACOTTA,7,134,172
single_012,single,"(22, 6, 21)",,7,183,171
replace_012_slime,replace,"(22, 6, 21)",SLIME,7,134,172
replace_012_glazed_terracotta,replace,"(22, 6, 21)",GLAZED_TERRACOTTA,7,183,172
single_013,single,"(22, 6, 22)",,3,64,175
replace_013_slime,replace,"(22, 6, 22)",SLIME,3,64,176
replace_013_glazed_terracotta,replace,"(22, 6, 22)",GLAZED_TERRACOTTA,3,64,176
single_014,single,"(22, 6, 23)",,7,183,171
replace_014_slime,replace,"(22, 6, 23)",SLIME,7,134,172
replace_014_glazed_terracotta,replace,"(22, 6, 23)",GLAZED_TERRACOTTA,7,183,172
single_015,single,"(22, 7, 22)",,7,183,171
replace_015_slime,replace,"(22, 7, 22)",SLIME,7,134,172
replace_015_glazed_terracotta,replace,"(22, 7, 22)",GLAZED_TERRACOTTA,7,183,172
