c0s14	0	51	207
c0s19	0	51	208
c0s29	0	51	207
c0s35	0	51	207
c0s38	0	51	207
c0s43	0	51	208
c0s47	0	51	207
c0s51	0	51	207
c0s57	0	51	207
c0s61	0	51	208
c0s62	0	51	208
c0s69	0	51	208
c0s72	0	51	208
c0s76	0	51	207
c0s80	0	51	207
c0s84	0	51	207
c0s86	0	51	207
c0s87	0	51	208
c1s10	0	51	207
c1s11	0	51	207
c1s13	0	51	207
c1s14	0	51	207
c1s15	0	51	207
c1s17	0	51	207
c1s18	0	51	208
c1s2	0	51	208
c1s20	0	51	207
c1s22	0	51	208
c1s24	0	51	208
c1s26	0	51	207
c1s28	0	51	208
c1s32	0	51	207
c1s35	0	51	207
c1s39	0	51	207
c1s40	0	51	208
c1s42	0	51	207
c1s43	0	51	208
c1s44	0	51	208
c1s46	0	51	208
c1s47	0	51	207
c1s5	0	51	208
c1s51	0	51	207
c1s57	0	51	207
c1s58	0	51	208
c1s59	0	51	207
c1s60	0	51	207
c1s62	0	51	208
c1s64	0	51	207
c1s70	0	51	207
c1s71	0	51	208
c1s8	0	51	207
c1s9	0	51	207
