seed,outcome
0,route_unreachable_role1
1,mandatory_adhesion
2,route_unreachable_role1
3,route_unreachable_role3
4,route_unreachable_role1
5,route_unreachable_role1
6,route_unreachable_role3
7,route_unreachable_role1
8,route_unreachable_role3
9,distance_cap_role1
10,route_unreachable_role3
11,route_unreachable_role1
12,route_unreachable_role1
13,route_unreachable_role1
14,route_unreachable_role3
15,route_unreachable_role1
16,mandatory_collision
17,route_unreachable_role1
18,mandatory_collision
19,route_unreachable_role1
20,route_unreachable_role3
21,mandatory_collision
22,route_unreachable_role1
23,route_unreachable_role3
24,mandatory_collision
25,mandatory_collision
26,distance_cap_role1
27,distance_cap_role1
28,route_unreachable_role1
29,route_unreachable_role3
30,mandatory_collision
31,route_unreachable_role1
32,distance_cap_role1
33,distance_cap_role1
34,mandatory_collision
35,route_unreachable_role1
36,route_unreachable_role1
37,route_unreachable_role3
38,route_unreachable_role3
39,route_unreachable_role1
40,mandatory_collision
41,distance_cap_role1
42,distance_cap_role1
43,route_unreachable_role3
44,route_unreachable_role3
45,mandatory_collision
46,route_unreachable_role3
47,distance_cap_role1
48,route_unreachable_role1
49,route_unreachable_role1
