source,glazed_route_x,distance120_pl19,distance1000_pl19
r0_rot1_inv0.flyer,[-2],1,-1
r0_rot1_inv0.flyer,[-1],1,-1
r0_rot1_inv0.flyer,[0],1,-1
r0_rot1_inv0.flyer,[1],1,-1
r0_rot1_inv0.flyer,[2],1,-1
r0_rot1_inv0.flyer,"[-2, -1]",1,-1
r0_rot1_inv0.flyer,"[-2, 0]",1,-1
r0_rot1_inv0.flyer,"[-2, 1]",1,-1
r0_rot1_inv0.flyer,"[-2, 2]",1,-1
r0_rot1_inv0.flyer,"[-1, 0]",1,-1
r0_rot1_inv0.flyer,"[-1, 1]",1,-1
r0_rot1_inv0.flyer,"[-1, 2]",1,-1
r0_rot1_inv0.flyer,"[0, 1]",1,-1
r0_rot1_inv0.flyer,"[0, 2]",1,-1
r0_rot1_inv0.flyer,"[1, 2]",1,-1
r0_rot1_inv0.flyer,"[-2, -1, 0]",1,-1
r0_rot1_inv0.flyer,"[-2, -1, 1]",1,-1
r0_rot1_inv0.flyer,"[-2, -1, 2]",1,-1
r0_rot1_inv0.flyer,"[-2, 0, 1]",1,-1
r0_rot1_inv0.flyer,"[-2, 0, 2]",1,-1
r0_rot1_inv0.flyer,"[-2, 1, 2]",1,-1
r0_rot1_inv0.flyer,"[-1, 0, 1]",1,-1
r0_rot1_inv0.flyer,"[-1, 0, 2]",1,-1
r0_rot1_inv0.flyer,"[-1, 1, 2]",1,-1
r0_rot1_inv0.flyer,"[0, 1, 2]",1,-1
r0_rot1_inv0.flyer,"[-2, -1, 0, 1]",1,-1
r0_rot1_inv0.flyer,"[-2, -1, 0, 2]",1,-1
r0_rot1_inv0.flyer,"[-2, -1, 1, 2]",1,-1
r0_rot1_inv0.flyer,"[-2, 0, 1, 2]",1,-1
r0_rot1_inv0.flyer,"[-1, 0, 1, 2]",1,-1
r0_rot1_inv0.flyer,"[-2, -1, 0, 1, 2]",1,-1
r0_rot1_inv1.flyer,[-2],1,-1
r0_rot1_inv1.flyer,[-1],1,-1
r0_rot1_inv1.flyer,[0],1,-1
r0_rot1_inv1.flyer,[1],1,-1
r0_rot1_inv1.flyer,[2],1,-1
r0_rot1_inv1.flyer,"[-2, -1]",1,-1
r0_rot1_inv1.flyer,"[-2, 0]",1,-1
r0_rot1_inv1.flyer,"[-2, 1]",1,-1
r0_rot1_inv1.flyer,"[-2, 2]",1,-1
r0_rot1_inv1.flyer,"[-1, 0]",1,-1
r0_rot1_inv1.flyer,"[-1, 1]",1,-1
r0_rot1_inv1.flyer,"[-1, 2]",1,-1
r0_rot1_inv1.flyer,"[0, 1]",1,-1
r0_rot1_inv1.flyer,"[0, 2]",1,-1
r0_rot1_inv1.flyer,"[1, 2]",1,-1
r0_rot1_inv1.flyer,"[-2, -1, 0]",1,-1
r0_rot1_inv1.flyer,"[-2, -1, 1]",1,-1
r0_rot1_inv1.flyer,"[-2, -1, 2]",1,-1
r0_rot1_inv1.flyer,"[-2, 0, 1]",1,-1
r0_rot1_inv1.flyer,"[-2, 0, 2]",1,-1
r0_rot1_inv1.flyer,"[-2, 1, 2]",1,-1
r0_rot1_inv1.flyer,"[-1, 0, 1]",1,-1
r0_rot1_inv1.flyer,"[-1, 0, 2]",1,-1
r0_rot1_inv1.flyer,"[-1, 1, 2]",1,-1
r0_rot1_inv1.flyer,"[0, 1, 2]",1,-1
r0_rot1_inv1.flyer,"[-2, -1, 0, 1]",1,-1
r0_rot1_inv1.flyer,"[-2, -1, 0, 2]",1,-1
r0_rot1_inv1.flyer,"[-2, -1, 1, 2]",1,-1
r0_rot1_inv1.flyer,"[-2, 0, 1, 2]",1,-1
r0_rot1_inv1.flyer,"[-1, 0, 1, 2]",1,-1
r0_rot1_inv1.flyer,"[-2, -1, 0, 1, 2]",1,-1
r0_rot2_inv0.flyer,[-2],1,-1
r0_rot2_inv0.flyer,[-1],1,-1
r0_rot2_inv0.flyer,[0],1,-1
r0_rot2_inv0.flyer,[1],1,-1
r0_rot2_inv0.flyer,[2],1,-1
r0_rot2_inv0.flyer,"[-2, -1]",1,-1
r0_rot2_inv0.flyer,"[-2, 0]",1,-1
r0_rot2_inv0.flyer,"[-2, 1]",1,-1
r0_rot2_inv0.flyer,"[-2, 2]",1,-1
r0_rot2_inv0.flyer,"[-1, 0]",1,-1
r0_rot2_inv0.flyer,"[-1, 1]",1,-1
r0_rot2_inv0.flyer,"[-1, 2]",1,-1
r0_rot2_inv0.flyer,"[0, 1]",1,-1
r0_rot2_inv0.flyer,"[0, 2]",1,-1
r0_rot2_inv0.flyer,"[1, 2]",1,-1
r0_rot2_inv0.flyer,"[-2, -1, 0]",1,-1
r0_rot2_inv0.flyer,"[-2, -1, 1]",1,-1
r0_rot2_inv0.flyer,"[-2, -1, 2]",1,-1
r0_rot2_inv0.flyer,"[-2, 0, 1]",1,-1
r0_rot2_inv0.flyer,"[-2, 0, 2]",1,-1
r0_rot2_inv0.flyer,"[-2, 1, 2]",1,-1
r0_rot2_inv0.flyer,"[-1, 0, 1]",1,-1
r0_rot2_inv0.flyer,"[-1, 0, 2]",1,-1
r0_rot2_inv0.flyer,"[-1, 1, 2]",1,-1
r0_rot2_inv0.flyer,"[0, 1, 2]",1,-1
r0_rot2_inv0.flyer,"[-2, -1, 0, 1]",1,-1
r0_rot2_inv0.flyer,"[-2, -1, 0, 2]",1,-1
r0_rot2_inv0.flyer,"[-2, -1, 1, 2]",1,-1
r0_rot2_inv0.flyer,"[-2, 0, 1, 2]",1,-1
r0_rot2_inv0.flyer,"[-1, 0, 1, 2]",1,-1
r0_rot2_inv0.flyer,"[-2, -1, 0, 1, 2]",1,-1
r0_rot2_inv1.flyer,[-2],1,-1
r0_rot2_inv1.flyer,[-1],1,-1
r0_rot2_inv1.flyer,[0],1,-1
r0_rot2_inv1.flyer,[1],1,-1
r0_rot2_inv1.flyer,[2],1,-1
r0_rot2_inv1.flyer,"[-2, -1]",1,-1
r0_rot2_inv1.flyer,"[-2, 0]",1,-1
r0_rot2_inv1.flyer,"[-2, 1]",1,-1
r0_rot2_inv1.flyer,"[-2, 2]",1,-1
r0_rot2_inv1.flyer,"[-1, 0]",1,-1
r0_rot2_inv1.flyer,"[-1, 1]",1,-1
r0_rot2_inv1.flyer,"[-1, 2]",1,-1
r0_rot2_inv1.flyer,"[0, 1]",1,-1
r0_rot2_inv1.flyer,"[0, 2]",1,-1
r0_rot2_inv1.flyer,"[1, 2]",1,-1
r0_rot2_inv1.flyer,"[-2, -1, 0]",1,-1
r0_rot2_inv1.flyer,"[-2, -1, 1]",1,-1
r0_rot2_inv1.flyer,"[-2, -1, 2]",1,-1
r0_rot2_inv1.flyer,"[-2, 0, 1]",1,-1
r0_rot2_inv1.flyer,"[-2, 0, 2]",1,-1
r0_rot2_inv1.flyer,"[-2, 1, 2]",1,-1
r0_rot2_inv1.flyer,"[-1, 0, 1]",1,-1
r0_rot2_inv1.flyer,"[-1, 0, 2]",1,-1
r0_rot2_inv1.flyer,"[-1, 1, 2]",1,-1
r0_rot2_inv1.flyer,"[0, 1, 2]",1,-1
r0_rot2_inv1.flyer,"[-2, -1, 0, 1]",1,-1
r0_rot2_inv1.flyer,"[-2, -1, 0, 2]",1,-1
r0_rot2_inv1.flyer,"[-2, -1, 1, 2]",1,-1
r0_rot2_inv1.flyer,"[-2, 0, 1, 2]",1,-1
r0_rot2_inv1.flyer,"[-1, 0, 1, 2]",1,-1
r0_rot2_inv1.flyer,"[-2, -1, 0, 1, 2]",1,-1
r0_rot3_inv0.flyer,[-2],1,-1
r0_rot3_inv0.flyer,[-1],1,-1
r0_rot3_inv0.flyer,[0],1,-1
r0_rot3_inv0.flyer,[1],1,-1
r0_rot3_inv0.flyer,[2],1,-1
r0_rot3_inv0.flyer,"[-2, -1]",1,-1
r0_rot3_inv0.flyer,"[-2, 0]",1,-1
r0_rot3_inv0.flyer,"[-2, 1]",1,-1
r0_rot3_inv0.flyer,"[-2, 2]",1,-1
r0_rot3_inv0.flyer,"[-1, 0]",1,-1
r0_rot3_inv0.flyer,"[-1, 1]",1,-1
r0_rot3_inv0.flyer,"[-1, 2]",1,-1
r0_rot3_inv0.flyer,"[0, 1]",1,-1
r0_rot3_inv0.flyer,"[0, 2]",1,-1
r0_rot3_inv0.flyer,"[1, 2]",1,-1
r0_rot3_inv0.flyer,"[-2, -1, 0]",1,-1
r0_rot3_inv0.flyer,"[-2, -1, 1]",1,-1
r0_rot3_inv0.flyer,"[-2, -1, 2]",1,-1
r0_rot3_inv0.flyer,"[-2, 0, 1]",1,-1
r0_rot3_inv0.flyer,"[-2, 0, 2]",1,-1
r0_rot3_inv0.flyer,"[-2, 1, 2]",1,-1
r0_rot3_inv0.flyer,"[-1, 0, 1]",1,-1
r0_rot3_inv0.flyer,"[-1, 0, 2]",1,-1
r0_rot3_inv0.flyer,"[-1, 1, 2]",1,-1
r0_rot3_inv0.flyer,"[0, 1, 2]",1,-1
r0_rot3_inv0.flyer,"[-2, -1, 0, 1]",1,-1
r0_rot3_inv0.flyer,"[-2, -1, 0, 2]",1,-1
r0_rot3_inv0.flyer,"[-2, -1, 1, 2]",1,-1
r0_rot3_inv0.flyer,"[-2, 0, 1, 2]",1,-1
r0_rot3_inv0.flyer,"[-1, 0, 1, 2]",1,-1
r0_rot3_inv0.flyer,"[-2, -1, 0, 1, 2]",1,-1
r0_rot3_inv1.flyer,[-2],1,-1
r0_rot3_inv1.flyer,[-1],1,-1
r0_rot3_inv1.flyer,[0],1,-1
r0_rot3_inv1.flyer,[1],1,-1
r0_rot3_inv1.flyer,[2],1,-1
r0_rot3_inv1.flyer,"[-2, -1]",1,-1
r0_rot3_inv1.flyer,"[-2, 0]",1,-1
r0_rot3_inv1.flyer,"[-2, 1]",1,-1
r0_rot3_inv1.flyer,"[-2, 2]",1,-1
r0_rot3_inv1.flyer,"[-1, 0]",1,-1
r0_rot3_inv1.flyer,"[-1, 1]",1,-1
r0_rot3_inv1.flyer,"[-1, 2]",1,-1
r0_rot3_inv1.flyer,"[0, 1]",1,-1
r0_rot3_inv1.flyer,"[0, 2]",1,-1
r0_rot3_inv1.flyer,"[1, 2]",1,-1
r0_rot3_inv1.flyer,"[-2, -1, 0]",1,-1
r0_rot3_inv1.flyer,"[-2, -1, 1]",1,-1
r0_rot3_inv1.flyer,"[-2, -1, 2]",1,-1
r0_rot3_inv1.flyer,"[-2, 0, 1]",1,-1
r0_rot3_inv1.flyer,"[-2, 0, 2]",1,-1
r0_rot3_inv1.flyer,"[-2, 1, 2]",1,-1
r0_rot3_inv1.flyer,"[-1, 0, 1]",1,-1
r0_rot3_inv1.flyer,"[-1, 0, 2]",1,-1
r0_rot3_inv1.flyer,"[-1, 1, 2]",1,-1
r0_rot3_inv1.flyer,"[0, 1, 2]",1,-1
r0_rot3_inv1.flyer,"[-2, -1, 0, 1]",1,-1
r0_rot3_inv1.flyer,"[-2, -1, 0, 2]",1,-1
r0_rot3_inv1.flyer,"[-2, -1, 1, 2]",1,-1
r0_rot3_inv1.flyer,"[-2, 0, 1, 2]",1,-1
r0_rot3_inv1.flyer,"[-1, 0, 1, 2]",1,-1
r0_rot3_inv1.flyer,"[-2, -1, 0, 1, 2]",1,-1
