rng,phase_x,phase_z,limit,ticks,distance,max_action,core_sizes,pass,first_failure
0,0,0,49,10000,3333,49,"[79, 79, 79]",true,""
0,0,7,49,10000,3333,49,"[79, 79, 79]",true,""
0,0,8,49,10000,3333,49,"[79, 79, 79]",true,""
0,0,15,49,10000,3333,49,"[79, 79, 79]",true,""
0,7,0,49,10000,3333,49,"[79, 79, 79]",true,""
0,7,7,49,10000,3333,49,"[79, 79, 79]",true,""
0,7,8,49,10000,3333,49,"[79, 79, 79]",true,""
0,7,15,49,10000,3333,49,"[79, 79, 79]",true,""
0,8,0,49,10000,3333,49,"[79, 79, 79]",true,""
0,8,7,49,10000,3333,49,"[79, 79, 79]",true,""
0,8,8,49,10000,3333,49,"[79, 79, 79]",true,""
