rng,phase_x,phase_z,push_limit,ticks,distance,extensions,end_blocks,conserved,repeat_period,repeat_all_periods,failures
0,0,0,19,20,3,2,21,true,false,false,0
0,0,7,19,20,3,2,21,true,false,false,0
0,0,8,19,20,3,2,21,true,false,false,0
0,0,15,19,20,3,2,21,true,false,false,0
0,7,0,19,20,3,2,21,true,false,false,0
0,7,7,19,20,3,2,21,true,false,false,0
0,7,8,19,20,3,2,21,true,false,false,0
0,7,15,19,20,3,2,21,true,false,false,0
0,8,0,19,20,3,2,21,true,false,false,0
0,8,7,19,20,3,2,21,true,false,false,0
0,8,8,19,20,3,2,21,true,false,false,0
0,8,15,19,20,3,2,21,true,false,false,0
0,15,0,19,20,3,2,21,true,false,false,0
0,15,7,19,20,3,2,21,true,false,false,0
0,15,8,19,20,3,2,21,true,false,false,0
0,15,15,19,20,3,2,21,true,false,false,0
1,0,0,19,20,3,2,21,true,false,false,0
1,0,7,19,20,3,2,21,true,false,false,0
1,0,8,19,20,3,2,21,true,false,false,0
1,0,15,19,20,3,2,21,true,false,false,0
1,7,0,19,20,3,2,21,true,false,false,0
1,7,7,19,20,3,2,21,true,false,false,0
1,7,8,19,20,3,2,21,true,false,false,0
1,7,15,19,20,3,2,21,true,false,false,0
1,8,0,19,20,3,2,21,true,false,false,0
1,8,7,19,20,3,2,21,true,false,false,0
1,8,8,19,20,3,2,21,true,false,false,0
1,8,15,19,20,3,2,21,true,false,false,0
1,15,0,19,20,3,2,21,true,false,false,0
1,15,7,19,20,3,2,21,true,false,false,0
1,15,8,19,20,3,2,21,true,false,false,0
1,15,15,19,20,3,2,21,true,false,false,0
2,0,0,19,20,3,2,21,true,false,false,0
2,0,7,19,20,3,2,21,true,false,false,0
2,0,8,19,20,3,2,21,true,false,false,0
2,0,15,19,20,3,2,21,true,false,false,0
2,7,0,19,20,3,2,21,true,false,false,0
2,7,7,19,20,3,2,21,true,false,false,0
2,7,8,19,20,3,2,21,true,false,false,0
2,7,15,19,20,3,2,21,true,false,false,0
2,8,0,19,20,3,2,21,true,false,false,0
2,8,7,19,20,3,2,21,true,false,false,0
2,8,8,19,20,3,2,21,true,false,false,0
2,8,15,19,20,3,2,21,true,false,false,0
2,15,0,19,20,3,2,21,true,false,false,0
2,15,7,19,20,3,2,21,true,false,false,0
2,15,8,19,20,3,2,21,true,false,false,0
2,15,15,19,20,3,2,21,true,false,false,0
5,0,0,19,20,3,2,21,true,false,false,0
5,0,7,19,20,3,2,21,true,false,false,0
5,0,8,19,20,3,2,21,true,false,false,0
5,0,15,19,20,3,2,21,true,false,false,0
5,7,0,19,20,3,2,21,true,false,false,0
5,7,7,19,20,3,2,21,true,false,false,0
5,7,8,19,20,3,2,21,true,false,false,0
5,7,15,19,20,3,2,21,true,false,false,0
5,8,0,19,20,3,2,21,true,false,false,0
5,8,7,19,20,3,2,21,true,false,false,0
5,8,8,19,20,3,2,21,true,false,false,0
5,8,15,19,20,3,2,21,true,false,false,0
5,15,0,19,20,3,2,21,true,false,false,0
5,15,7,19,20,3,2,21,true,false,false,0
5,15,8,19,20,3,2,21,true,false,false,0
5,15,15,19,20,3,2,21,true,false,false,0
42,0,0,19,20,3,2,21,true,false,false,0
42,0,7,19,20,3,2,21,true,false,false,0
42,0,8,19,20,3,2,21,true,false,false,0
42,0,15,19,20,3,2,21,true,false,false,0
42,7,0,19,20,3,2,21,true,false,false,0
42,7,7,19,20,3,2,21,true,false,false,0
42,7,8,19,20,3,2,21,true,false,false,0
42,7,15,19,20,3,2,21,true,false,false,0
42,8,0,19,20,3,2,21,true,false,false,0
42,8,7,19,20,3,2,21,true,false,false,0
42,8,8,19,20,3,2,21,true,false,false,0
42,8,15,19,20,3,2,21,true,false,false,0
42,15,0,19,20,3,2,21,true,false,false,0
42,15,7,19,20,3,2,21,true,false,false,0
42,15,8,19,20,3,2,21,true,false,false,0
42,15,15,19,20,3,2,21,true,false,false,0
