seed,phase_x,phase_z,ticks,first_bad_tick,reason,distance,min_powered
0,0,9,10000,0,pass,5000,7
0,7,9,10000,0,pass,5000,7
0,8,9,10000,0,pass,5000,10
0,15,9,10000,0,pass,5000,9
1,0,9,10000,0,pass,5000,7
1,7,9,10000,0,pass,5000,13
1,8,9,10000,0,pass,5000,12
1,15,9,10000,0,pass,5000,9
2,0,9,10000,0,pass,5000,10
2,7,9,10000,0,pass,5000,12
2,8,9,10000,0,pass,5000,8
2,15,9,10000,0,pass,5000,10
3,0,9,10000,0,pass,5000,13
3,7,9,10000,0,pass,5000,8
3,8,9,10000,0,pass,5000,9
3,15,9,10000,0,pass,5000,12
4,0,9,10000,0,pass,5000,11
4,7,9,10000,0,pass,5000,9
4,8,9,10000,0,pass,5000,10
4,15,9,10000,0,pass,5000,9
