center_index,delta_y,delta_z,seed,sticky0,sticky1,sticky2,sticky3,sticky4,distance120
4,0,1,0,14,14,14,14,16,1
4,0,1,1,14,14,14,14,16,1
4,0,1,2,14,14,15,14,16,1
4,0,1,3,14,14,14,14,16,1
4,0,1,4,14,14,14,14,16,1
4,0,1,5,14,14,14,14,16,1
4,0,1,6,14,14,14,15,16,1
4,0,1,7,14,14,14,14,16,1
4,0,-1,0,14,14,14,14,15,1
4,0,-1,1,14,14,14,14,16,1
4,0,-1,2,14,14,15,14,15,1
4,0,-1,3,14,14,14,14,15,1
4,0,-1,4,14,14,14,14,16,1
4,0,-1,5,14,14,14,14,16,1
4,0,-1,6,14,14,14,14,15,1
4,0,-1,7,14,14,14,14,16,1
4,1,0,0,14,14,14,14,16,1
4,1,0,1,14,14,14,14,16,1
4,1,0,2,14,14,15,14,15,1
4,1,0,3,14,14,14,14,16,1
4,1,0,4,14,14,14,14,16,1
4,1,0,5,14,14,14,14,16,1
4,1,0,6,14,14,14,14,15,1
4,1,0,7,14,14,14,14,16,1
4,-1,0,0,14,14,14,14,15,1
4,-1,0,1,14,14,14,14,16,1
4,-1,0,2,14,14,15,14,16,1
4,-1,0,3,14,14,14,14,16,1
4,-1,0,4,14,14,14,14,16,1
4,-1,0,5,14,14,14,14,16,1
4,-1,0,6,14,14,14,14,16,1
4,-1,0,7,14,14,14,14,16,1
3,0,1,0,14,14,14,14,15,1
3,0,1,1,14,14,14,14,15,1
3,0,1,2,14,14,14,14,15,1
3,0,1,3,14,14,14,14,15,1
3,0,1,4,14,14,14,14,15,1
3,0,1,5,14,14,14,14,15,1
3,0,1,6,14,14,14,14,15,1
3,0,1,7,14,14,14,14,15,1
3,0,-1,0,14,14,14,14,15,1
3,0,-1,1,14,14,14,14,15,1
3,0,-1,2,14,14,14,14,15,1
3,0,-1,3,14,14,14,14,15,1
3,0,-1,4,14,14,14,14,15,1
3,0,-1,5,14,14,14,14,15,1
3,0,-1,6,14,14,14,14,15,1
3,0,-1,7,14,14,14,14,15,1
3,1,0,0,14,14,14,14,15,1
3,1,0,1,14,14,14,14,15,1
3,1,0,2,14,14,14,14,15,1
3,1,0,3,14,14,14,14,15,1
3,1,0,4,14,14,14,14,15,1
3,1,0,5,14,14,14,14,15,1
3,1,0,6,14,14,14,14,15,1
3,1,0,7,14,14,14,14,15,1
3,-1,0,0,14,14,14,14,15,1
3,-1,0,1,14,14,14,15,15,1
3,-1,0,2,14,14,14,14,15,1
3,-1,0,3,14,14,14,14,15,1
3,-1,0,4,14,14,14,14,15,1
3,-1,0,5,14,14,14,14,15,1
3,-1,0,6,14,14,14,14,15,1
3,-1,0,7,14,14,14,14,15,1
2,0,1,0,14,14,14,14,15,1
2,0,1,1,14,14,14,14,15,1
2,0,1,2,14,14,14,15,15,1
2,0,1,3,14,15,14,14,15,1
2,0,1,4,14,15,14,14,15,1
2,0,1,5,14,14,14,14,15,1
2,0,1,6,14,14,14,14,15,1
2,0,1,7,14,14,14,15,15,1
2,0,-1,0,14,15,14,14,15,1
2,0,-1,1,14,15,14,14,15,1
2,0,-1,2,14,15,14,15,15,1
2,0,-1,3,14,15,14,14,15,1
2,0,-1,4,14,15,14,14,15,1
2,0,-1,5,14,15,14,15,15,1
