reversed,shift,seed,sticky0,sticky1,sticky2,sticky3,sticky4,distance120,distance10000
0,0,0,14,14,14,14,15,1,-1
0,0,1,14,14,14,14,15,1,-1
0,0,2,14,14,15,15,15,1,-1
0,0,3,14,14,14,14,15,1,-1
0,0,4,14,14,14,14,15,1,-1
0,0,5,14,14,14,14,15,1,-1
0,0,6,14,14,14,14,15,1,-1
0,0,7,14,14,14,15,15,1,-1
0,1,0,14,15,14,14,15,1,-1
0,1,1,14,15,14,14,15,1,-1
0,1,2,14,14,14,14,15,1,-1
0,1,3,14,15,15,14,15,1,-1
0,1,4,14,14,15,14,15,1,-1
0,1,5,14,14,15,14,15,1,-1
0,1,6,14,14,14,14,15,1,-1
0,1,7,14,14,14,14,15,1,-1
0,2,0,15,14,14,14,15,0,-1
0,2,1,15,14,14,14,15,0,-1
0,2,2,14,14,14,14,15,1,-1
0,2,3,14,14,14,14,16,1,-1
0,2,4,15,14,14,14,15,0,-1
0,2,5,15,14,14,14,15,0,-1
0,2,6,14,15,14,14,15,1,-1
0,2,7,15,15,14,14,15,0,-1
0,3,0,14,14,14,14,16,1,-1
0,3,1,15,14,14,14,15,0,-1
0,3,2,15,14,14,14,16,0,-1
0,3,3,15,14,14,14,15,0,-1
0,3,4,15,14,14,14,15,0,-1
0,3,5,14,14,14,14,15,1,-1
0,3,6,14,14,14,14,15,1,-1
0,3,7,14,14,14,14,15,1,-1
0,4,0,14,14,14,14,16,1,-1
0,4,1,14,14,14,15,15,1,-1
0,4,2,14,14,14,14,15,1,-1
0,4,3,14,14,14,14,16,1,-1
0,4,4,15,14,14,14,15,0,-1
0,4,5,14,14,14,15,15,1,-1
0,4,6,14,14,14,15,15,1,-1
0,4,7,14,14,14,15,15,1,-1
1,0,0,15,14,14,14,15,0,-1
1,0,1,14,14,15,14,15,1,-1
1,0,2,14,14,14,14,15,1,-1
1,0,3,14,14,14,14,15,1,-1
1,0,4,14,14,14,14,15,1,-1
1,0,5,15,14,14,14,15,0,-1
1,0,6,14,14,14,14,15,1,-1
1,0,7,15,15,14,14,15,0,-1
1,1,0,15,14,14,14,15,0,-1
1,1,1,14,14,14,14,15,1,-1
1,1,2,15,14,14,14,16,0,-1
1,1,3,14,14,14,15,15,1,-1
1,1,4,14,14,14,14,15,1,-1
1,1,5,14,14,14,14,16,1,-1
1,1,6,14,14,14,14,16,1,-1
1,1,7,14,14,14,14,15,1,-1
1,2,0,14,14,14,15,15,1,-1
1,2,1,14,14,14,14,16,1,-1
1,2,2,14,14,14,14,15,1,-1
1,2,3,14,14,14,15,15,1,-1
1,2,4,14,14,14,15,16,1,-1
1,2,5,14,14,14,14,16,1,-1
1,2,6,14,14,14,14,15,1,-1
1,2,7,14,14,14,14,16,1,-1
1,3,0,14,14,14,15,15,1,-1
