connector_count,material_mask,distance120,cells
5,0,0,"(-2, 1, 1) (-1, 1, 1) (0, 1, 1) (1, 1, 1) (2, 1, 1)"
5,1,1,"(-2, 1, 1) (-1, 1, 1) (0, 1, 1) (1, 1, 1) (2, 1, 1)"
5,2,0,"(-2, 1, 1) (-1, 1, 1) (0, 1, 1) (1, 1, 1) (2, 1, 1)"
5,3,40,"(-2, 1, 1) (-1, 1, 1) (0, 1, 1) (1, 1, 1) (2, 1, 1)"
5,4,40,"(-2, 1, 1) (-1, 1, 1) (0, 1, 1) (1, 1, 1) (2, 1, 1)"
5,5,0,"(-2, 1, 1) (-1, 1, 1) (0, 1, 1) (1, 1, 1) (2, 1, 1)"
5,6,1,"(-2, 1, 1) (-1, 1, 1) (0, 1, 1) (1, 1, 1) (2, 1, 1)"
5,7,0,"(-2, 1, 1) (-1, 1, 1) (0, 1, 1) (1, 1, 1) (2, 1, 1)"
5,0,0,"(-2, 1, 1) (-1, 1, 1) (0, 1, 1) (1, 1, 1) (1, 2, 1)"
5,1,1,"(-2, 1, 1) (-1, 1, 1) (0, 1, 1) (1, 1, 1) (1, 2, 1)"
5,2,0,"(-2, 1, 1) (-1, 1, 1) (0, 1, 1) (1, 1, 1) (1, 2, 1)"
5,3,1,"(-2, 1, 1) (-1, 1, 1) (0, 1, 1) (1, 1, 1) (1, 2, 1)"
5,4,1,"(-2, 1, 1) (-1, 1, 1) (0, 1, 1) (1, 1, 1) (1, 2, 1)"
5,5,0,"(-2, 1, 1) (-1, 1, 1) (0, 1, 1) (1, 1, 1) (1, 2, 1)"
5,6,1,"(-2, 1, 1) (-1, 1, 1) (0, 1, 1) (1, 1, 1) (1, 2, 1)"
5,7,0,"(-2, 1, 1) (-1, 1, 1) (0, 1, 1) (1, 1, 1) (1, 2, 1)"
5,0,0,"(-2, 1, 1) (-1, 1, 1) (0, 1, 1) (0, 2, 1) (1, 2, 1)"
5,1,1,"(-2, 1, 1) (-1, 1, 1) (0, 1, 1) (0, 2, 1) (1, 2, 1)"
5,2,0,"(-2, 1, 1) (-1, 1, 1) (0, 1, 1) (0, 2, 1) (1, 2, 1)"
5,3,1,"(-2, 1, 1) (-1, 1, 1) (0, 1, 1) (0, 2, 1) (1, 2, 1)"
5,4,1,"(-2, 1, 1) (-1, 1, 1) (0, 1, 1) (0, 2, 1) (1, 2, 1)"
5,5,0,"(-2, 1, 1) (-1, 1, 1) (0, 1, 1) (0, 2, 1) (1, 2, 1)"
5,6,1,"(-2, 1, 1) (-1, 1, 1) (0, 1, 1) (0, 2, 1) (1, 2, 1)"
5,7,0,"(-2, 1, 1) (-1, 1, 1) (0, 1, 1) (0, 2, 1) (1, 2, 1)"
5,0,0,"(-2, 2, 0) (-1, 2, 0) (0, 2, 0) (1, 2, 0) (2, 2, 0)"
5,1,1,"(-2, 2, 0) (-1, 2, 0) (0, 2, 0) (1, 2, 0) (2, 2, 0)"
5,2,0,"(-2, 2, 0) (-1, 2, 0) (0, 2, 0) (1, 2, 0) (2, 2, 0)"
5,3,40,"(-2, 2, 0) (-1, 2, 0) (0, 2, 0) (1, 2, 0) (2, 2, 0)"
5,4,40,"(-2, 2, 0) (-1, 2, 0) (0, 2, 0) (1, 2, 0) (2, 2, 0)"
5,5,0,"(-2, 2, 0) (-1, 2, 0) (0, 2, 0) (1, 2, 0) (2, 2, 0)"
5,6,1,"(-2, 2, 0) (-1, 2, 0) (0, 2, 0) (1, 2, 0) (2, 2, 0)"
5,7,0,"(-2, 2, 0) (-1, 2, 0) (0, 2, 0) (1, 2, 0) (2, 2, 0)"
5,0,0,"(-2, 2, 0) (-1, 2, 0) (0, 2, 0) (1, 2, 0) (1, 2, 1)"
5,1,1,"(-2, 2, 0) (-1, 2, 0) (0, 2, 0) (1, 2, 0) (1, 2, 1)"
5,2,0,"(-2, 2, 0) (-1, 2, 0) (0, 2, 0) (1, 2, 0) (1, 2, 1)"
5,3,1,"(-2, 2, 0) (-1, 2, 0) (0, 2, 0) (1, 2, 0) (1, 2, 1)"
5,4,1,"(-2, 2, 0) (-1, 2, 0) (0, 2, 0) (1, 2, 0) (1, 2, 1)"
5,5,0,"(-2, 2, 0) (-1, 2, 0) (0, 2, 0) (1, 2, 0) (1, 2, 1)"
5,6,1,"(-2, 2, 0) (-1, 2, 0) (0, 2, 0) (1, 2, 0) (1, 2, 1)"
5,7,0,"(-2, 2, 0) (-1, 2, 0) (0, 2, 0) (1, 2, 0) (1, 2, 1)"
5,0,0,"(-2, 2, 0) (-1, 2, 0) (0, 2, 0) (0, 2, 1) (1, 2, 1)"
5,1,1,"(-2, 2, 0) (-1, 2, 0) (0, 2, 0) (0, 2, 1) (1, 2, 1)"
5,2,0,"(-2, 2, 0) (-1, 2, 0) (0, 2, 0) (0, 2, 1) (1, 2, 1)"
5,3,1,"(-2, 2, 0) (-1, 2, 0) (0, 2, 0) (0, 2, 1) (1, 2, 1)"
5,4,1,"(-2, 2, 0) (-1, 2, 0) (0, 2, 0) (0, 2, 1) (1, 2, 1)"
5,5,0,"(-2, 2, 0) (-1, 2, 0) (0, 2, 0) (0, 2, 1) (1, 2, 1)"
5,6,1,"(-2, 2, 0) (-1, 2, 0) (0, 2, 0) (0, 2, 1) (1, 2, 1)"
5,7,0,"(-2, 2, 0) (-1, 2, 0) (0, 2, 0) (0, 2, 1) (1, 2, 1)"
