rng,phase_x,phase_z,limit,distance,failures,conserved,initial_signature_matches,consecutive_signature_matches,cycle_distance_mismatches
0,0,0,65,3333,0,true,833,833,0
0,0,7,65,3333,0,true,833,833,0
0,0,8,65,3333,0,true,833,833,0
0,0,15,65,3333,0,true,833,833,0
0,7,0,65,3333,0,true,833,833,0
0,7,7,65,3333,0,true,833,833,0
0,7,8,65,3333,0,true,833,833,0
0,7,15,65,3333,0,true,833,833,0
0,8,0,65,3333,0,true,833,833,0
0,8,7,65,3333,0,true,833,833,0
0,8,8,65,3333,0,true,833,833,0
0,8,15,65,3333,0,true,833,833,0
0,15,0,65,3333,0,true,833,833,0
0,15,7,65,3333,0,true,833,833,0
0,15,8,65,3333,0,true,833,833,0
0,15,15,65,3333,0,true,833,833,0
1,0,0,65,3333,0,true,833,833,0
1,0,7,65,3333,0,true,833,833,0
1,0,8,65,3333,0,true,833,833,0
1,0,15,65,3333,0,true,833,833,0
1,7,0,65,3333,0,true,833,833,0
1,7,7,65,3333,0,true,833,833,0
1,7,8,65,3333,0,true,833,833,0
1,7,15,65,3333,0,true,833,833,0
1,8,0,65,3333,0,true,833,833,0
1,8,7,65,3333,0,true,833,833,0
1,8,8,65,3333,0,true,833,833,0
1,8,15,65,3333,0,true,833,833,0
1,15,0,65,3333,0,true,833,833,0
1,15,7,65,3333,0,true,833,833,0
1,15,8,65,3333,0,true,833,833,0
1,15,15,65,3333,0,true,833,833,0
2,0,0,65,3333,0,true,833,833,0
2,0,7,65,3333,0,true,833,833,0
2,0,8,65,3333,0,true,833,833,0
2,0,15,65,3333,0,true,833,833,0
2,7,0,65,3333,0,true,833,833,0
2,7,7,65,3333,0,true,833,833,0
2,7,8,65,3333,0,true,833,833,0
2,7,15,65,3333,0,true,833,833,0
2,8,0,65,3333,0,true,833,833,0
2,8,7,65,3333,0,true,833,833,0
2,8,8,65,3333,0,true,833,833,0
2,8,15,65,3333,0,true,833,833,0
2,15,0,65,3333,0,true,833,833,0
2,15,7,65,3333,0,true,833,833,0
2,15,8,65,3333,0,true,833,833,0
2,15,15,65,3333,0,true,833,833,0
5,0,0,65,3333,0,true,833,833,0
5,0,7,65,3333,0,true,833,833,0
5,0,8,65,3333,0,true,833,833,0
5,0,15,65,3333,0,true,833,833,0
5,7,0,65,3333,0,true,833,833,0
5,7,7,65,3333,0,true,833,833,0
5,7,8,65,3333,0,true,833,833,0
5,7,15,65,3333,0,true,833,833,0
5,8,0,65,3333,0,true,833,833,0
5,8,7,65,3333,0,true,833,833,0
5,8,8,65,3333,0,true,833,833,0
5,8,15,65,3333,0,true,833,833,0
5,15,0,65,3333,0,true,833,833,0
5,15,7,65,3333,0,true,833,833,0
5,15,8,65,3333,0,true,833,833,0
5,15,15,65,3333,0,true,833,833,0
42,0,0,65,3333,0,true,833,833,0
42,0,7,65,3333,0,true,833,833,0
42,0,8,65,3333,0,true,833,833,0
42,0,15,65,3333,0,true,833,833,0
42,7,0,65,3333,0,true,833,833,0
42,7,7,65,3333,0,true,833,833,0
42,7,8,65,3333,0,true,833,833,0
42,7,15,65,3333,0,true,833,833,0
42,8,0,65,3333,0,true,833,833,0
42,8,7,65,3333,0,true,833,833,0
42,8,8,65,3333,0,true,833,833,0
42,8,15,65,3333,0,true,833,833,0
42,15,0,65,3333,0,true,833,833,0
42,15,7,65,3333,0,true,833,833,0
42,15,8,65,3333,0,true,833,833,0
42,15,15,65,3333,0,true,833,833,0
