id	cell	kind	distance	extensions	end_blocks
d0	(11, 2, 20)	SLIME	0	170	99
d1	(11, 2, 21)	SLIME	0	172	99
d2	(11, 3, 21)	SLIME	0	172	99
d3	(11, 4, 21)	SLIME	37	185	99
d4	(12, 2, 20)	SLIME	0	170	99
d5	(13, 1, 19)	SLIME	39	183	98
d6	(13, 1, 20)	SLIME	40	186	99
d7	(13, 1, 21)	SLIME	39	183	98
d8	(13, 2, 18)	SLIME	0	22	97
d9	(13, 2, 19)	SLIME	0	22	97
d10	(13, 2, 20)	SLIME	0	178	99
d11	(14, 0, 16)	SLIME	48	240	100
d12	(14, 1, 14)	SLIME	3	31	97
d13	(14, 1, 15)	SLIME	3	121	99
d14	(14, 1, 16)	SLIME	3	176	99
d15	(14, 2, 14)	SLIME	3	31	97
d16	(14, 2, 16)	SLIME	37	171	99
d17	(14, 2, 18)	SLIME	0	22	97
d19	(14, 2, 22)	HONEY	18	95	100
d20	(14, 3, 15)	HONEY	37	172	98
d21	(14, 3, 21)	HONEY	35	162	98
d22	(14, 3, 22)	HONEY	3	45	97
d23	(14, 4, 14)	HONEY	37	172	98
d24	(14, 4, 15)	HONEY	3	102	98
d25	(14, 4, 16)	HONEY	3	22	97
d26	(14, 4, 17)	HONEY	3	22	97
d27	(14, 4, 20)	HONEY	35	162	98
d29	(14, 4, 22)	HONEY	3	147	100
d30	(14, 5, 15)	HONEY	37	172	98
d31	(14, 5, 18)	SLIME	8	38	97
d32	(14, 5, 20)	HONEY	3	156	99
d33	(14, 5, 21)	HONEY	3	156	99
d34	(14, 5, 22)	HONEY	3	156	99
d35	(14, 6, 18)	SLIME	3	135	99
d36	(14, 6, 19)	SLIME	3	29	97
d37	(14, 6, 20)	SLIME	3	28	97
d38	(14, 6, 21)	SLIME	3	28	97
d39	(14, 7, 18)	SLIME	8	38	97
d43	(15, 2, 14)	SLIME	3	31	97
d45	(15, 2, 18)	SLIME	0	22	97
d46	(15, 2, 22)	HONEY	18	95	100
d49	(15, 4, 17)	HONEY	3	22	97
d54	(15, 6, 21)	SLIME	3	28	97
d55	(16, 0, 16)	SLIME	48	240	100
d56	(16, 1, 15)	SLIME	32	181	98
d57	(16, 1, 16)	SLIME	1	9	99
d61	(16, 2, 14)	SLIME	3	31	97
d62	(16, 2, 16)	SLIME	17	117	99
d63	(16, 2, 17)	SLIME	0	22	97
d64	(16, 2, 18)	SLIME	0	22	97
d65	(16, 2, 22)	HONEY	18	95	100
d67	(16, 4, 17)	HONEY	3	22	97
d72	(16, 6, 21)	SLIME	3	28	97
d74	(17, 1, 19)	HONEY	39	199	100
d75	(17, 1, 20)	HONEY	2	15	100
d76	(17, 1, 21)	HONEY	31	155	99
d77	(17, 1, 22)	HONEY	18	95	100
d78	(17, 2, 14)	SLIME	3	31	97
d79	(17, 2, 20)	HONEY	39	201	99
d80	(17, 2, 22)	HONEY	18	95	100
d82	(17, 3, 21)	SLIME	11	62	100
d84	(17, 4, 17)	HONEY	3	22	97
d85	(17, 4, 20)	SLIME	37	187	99
d86	(17, 4, 21)	SLIME	2	11	101
d87	(17, 4, 22)	SLIME	33	178	101
d88	(17, 5, 17)	HONEY	3	22	97
d89	(17, 5, 18)	HONEY	3	22	97
d90	(17, 5, 21)	SLIME	3	28	97
d91	(17, 6, 18)	HONEY	3	10	101
d92	(17, 6, 19)	HONEY	31	168	98
d93	(17, 6, 21)	SLIME	3	28	97
d94	(17, 7, 18)	HONEY	35	179	100
d95	(18, 2, 14)	SLIME	3	31	97
d96	(18, 3, 14)	SLIME	3	31	97
d97	(18, 3, 15)	SLIME	35	181	101
d98	(18, 4, 14)	SLIME	35	181	101
d99	(18, 4, 15)	SLIME	3	15	100
d100	(18, 5, 15)	SLIME	35	182	101
