name,distance,failures,conserved,max_load,n_at_limit,n_at_limit_m1,hist
d0_2_12,0,0,true,0,0,0,
d0_2_12_a-1_4_14S,0,0,true,0,0,0,
d0_2_12_a-1_6_12S,0,0,true,0,0,0,
d0_2_12_a0_2_10S,0,0,true,0,0,0,
d0_2_12_a0_3_14S,0,0,true,0,0,0,
d0_2_12_a0_5_10S,0,140,true,0,0,0,
d0_2_12_a0_6_13S,0,194,true,0,0,0,
d0_2_12_a10_-1_12S,0,0,true,0,0,0,
d0_2_12_a10_2_13S,0,413,true,0,0,0,
d0_2_12_a10_3_15S,0,362,true,0,0,0,
d0_2_12_a10_5_8S,0,0,true,0,0,0,
d0_2_12_a10_7_14S,0,0,true,0,0,0,
d0_2_12_a11_-1_11S,0,0,true,0,0,0,
d0_2_12_a11_10_10S,0,0,true,0,0,0,
d0_2_12_a11_2_12S,0,0,true,0,0,0,
d0_2_12_a11_3_10S,0,0,true,0,0,0,
d0_2_12_a11_6_10S,0,0,true,0,0,0,
d0_2_12_a11_9_11S,0,0,true,0,0,0,
d0_2_12_a12_1_12S,0,0,true,0,0,0,
d0_2_12_a12_2_13S,0,0,true,0,0,0,
d0_2_12_a12_3_14S,0,0,true,0,0,0,
d0_2_12_a12_4_9S,0,0,true,0,0,0,
d0_2_12_a12_9_10S,0,0,true,0,0,0,
d0_2_12_a13_3_15S,0,0,true,0,0,0,
d0_2_12_a1_1_11S,0,0,true,0,0,0,
d0_2_12_a1_3_10S,0,0,true,0,0,0,
d0_2_12_a1_4_10S,0,0,true,0,0,0,
d0_2_12_a1_5_11S,0,134,true,0,0,0,
d0_2_12_a1_6_13S,0,194,true,0,0,0,
d0_2_12_a2_1_10S,0,0,true,0,0,0,
d0_2_12_a2_2_12S,0,251,true,0,0,0,
d0_2_12_a2_3_16S,0,0,true,0,0,0,
d0_2_12_a2_4_15S,0,0,true,0,0,0,
d0_2_12_a2_6_9S,0,69,true,0,0,0,
d0_2_12_a2_7_9S,0,0,true,0,0,0,
d0_2_12_a3_1_13S,0,251,true,0,0,0,
d0_2_12_a3_2_13S,0,115,true,0,0,0,
d0_2_12_a3_3_12S,0,251,true,0,0,0,
d0_2_12_a3_4_11S,0,206,true,0,0,0,
d0_2_12_a3_5_13S,0,195,true,0,0,0,
d0_2_12_a3_6_8S,0,0,true,0,0,0,
d0_2_12_a3_8_12S,0,0,true,0,0,0,
d0_2_12_a4_-1_12S,0,0,true,0,0,0,
d0_2_12_a4_1_9S,0,0,true,0,0,0,
d0_2_12_a4_2_14S,0,251,true,0,0,0,
d0_2_12_a4_3_15S,0,251,true,0,0,0,
d0_2_12_a4_4_8S,0,68,true,0,0,0,
d0_2_12_a4_5_7S,0,0,true,0,0,0,
d0_2_12_a4_6_8S,0,0,true,0,0,0,
d0_2_12_a4_7_9S,0,134,true,0,0,0,
d0_2_12_a4_8_8S,0,0,true,0,0,0,
d0_2_12_a5_0_11S,0,3,true,0,0,0,
d0_2_12_a5_1_13S,0,0,true,0,0,0,
d0_2_12_a5_3_12S,0,0,true,0,0,0,
d0_2_12_a5_4_14S,0,0,true,0,0,0,
d0_2_12_a5_5_13S,0,250,true,0,0,0,
d0_2_12_a5_6_13S,0,319,true,0,0,0,
d0_2_12_a5_7_13S,0,124,true,0,0,0,
d0_2_12_a5_8_14S,0,0,true,0,0,0,
d0_2_12_a6_-1_11S,0,0,true,0,0,0,
d0_2_12_a6_1_11S,0,2,true,0,0,0,
d0_2_12_a6_2_16S,0,0,true,0,0,0,
d0_2_12_a6_3_16S,0,0,true,0,0,0,
d0_2_12_a6_4_15S,0,0,true,0,0,0,
d0_2_12_a6_5_15S,0,0,true,0,0,0,
d0_2_12_a6_6_14S,0,250,true,0,0,0,
d0_2_12_a6_7_13S,0,124,true,0,0,0,
d0_2_12_a6_8_13S,0,250,true,0,0,0,
d0_2_12_a6_9_14S,0,0,true,0,0,0,
d0_2_12_a7_10_10S,0,524,true,0,0,0,
d0_2_12_a7_1_15S,0,0,true,0,0,0,
d0_2_12_a7_2_13S,0,554,true,0,0,0,
d0_2_12_a7_3_12S,0,0,true,0,0,0,
d0_2_12_a7_4_15S,0,0,true,0,0,0,
d0_2_12_a7_5_11S,0,524,true,0,0,0,
d0_2_12_a7_6_12S,0,524,true,0,0,0,
d0_2_12_a7_7_9S,0,0,true,0,0,0,
d0_2_12_a7_9_13S,0,319,true,0,0,0,
d0_2_12_a8_-1_13S,0,0,true,0,0,0,
d0_2_12_a8_1_9S,0,396,true,0,0,0,
d0_2_12_a8_2_14S,0,504,true,0,0,0,
d0_2_12_a8_3_13S,0,0,true,0,0,0,
d0_2_12_a8_4_10S,0,0,true,0,0,0,
d0_2_12_a8_6_10S,0,318,true,0,0,0,
d0_2_12_a8_7_12S,0,318,true,0,0,0,
d0_2_12_a8_8_14S,0,319,true,0,0,0,
d0_2_12_a9_-1_13S,0,0,true,0,0,0,
d0_2_12_a9_1_10S,0,0,true,0,0,0,
d0_2_12_a9_2_10S,0,396,true,0,0,0,
d0_2_12_a9_2_7S,0,0,true,0,0,0,
d0_2_12_a9_4_10S,0,0,true,0,0,0,
d0_2_12_a9_5_8S,0,0,true,0,0,0,
d0_2_12_a9_7_12S,0,0,true,0,0,0,
d0_2_12_a9_8_14S,0,0,true,0,0,0,
d0_2_13_a-1_2_12H,0,0,true,0,0,0,
d0_2_13_a-1_5_13H,0,0,true,0,0,0,
d0_2_13_a0_1_11H,0,0,true,0,0,0,
d0_2_13_a0_3_11H,0,0,true,0,0,0,
d0_2_13_a0_4_12H,0,0,true,0,0,0,
d0_2_13_a0_5_14H,0,0,true,0,0,0,
d0_2_13_a0_7_11H,0,134,true,0,0,0,
d0_2_13_a10_0_13H,0,252,true,0,0,0,
d0_2_13_a10_2_8H,0,256,true,0,0,0,
d0_2_13_a10_3_9H,0,204,true,0,0,0,
d0_2_13_a10_6_13H,0,0,true,0,0,0,
d0_2_13_a10_8_13H,0,0,true,0,0,0,
d0_2_12_a-1_2_11H,0,0,true,0,0,0,
d0_2_12_a-1_5_11H,0,0,true,0,0,0,
d0_2_12_a-1_6_9H,0,0,true,0,0,0,
d0_2_12_a0_2_14H,0,0,true,0,0,0,
d0_2_12_a0_4_11H,0,0,true,0,0,0,
d0_2_12_a0_5_12H,0,0,true,0,0,0,
d0_2_12_a0_6_8H,0,0,true,0,0,0,
d0_2_12_a10_0_11H,0,252,true,0,0,0,
d0_2_12_a10_2_15H,0,362,true,0,0,0,
d0_2_12_a10_3_8H,0,184,true,0,0,0,
d0_2_12_a10_5_9H,0,0,true,0,0,0,
d0_2_12_a10_8_11H,0,318,true,0,0,0,
d0_2_12_a11_-1_12H,0,0,true,0,0,0,
d0_2_12_a11_1_11H,0,0,true,0,0,0,
d0_2_12_a11_2_14H,0,362,true,0,0,0,
d0_2_12_a11_3_15H,0,362,true,0,0,0,
d0_2_12_a11_7_11H,0,336,true,0,0,0,
d0_2_12_a11_9_9H,0,0,true,0,0,0,
d0_2_12_a12_1_14H,0,0,true,0,0,0,
d0_2_12_a12_2_17H,0,0,true,0,0,0,
d0_2_12_a12_3_16H,0,0,true,0,0,0,
d0_2_12_a12_5_8H,0,0,true,0,0,0,
d0_2_12_a13_2_14H,0,0,true,0,0,0,
d0_2_12_a13_3_8H,0,0,true,0,0,0,
d0_2_12_a1_1_13H,0,0,true,0,0,0,
d0_2_12_a1_3_11H,0,0,true,0,0,0,
d0_2_12_a1_4_12H,0,0,true,0,0,0,
d0_2_12_a1_5_14H,0,0,true,0,0,0,
d0_2_12_a1_6_9H,0,68,true,0,0,0,
d0_2_12_a2_1_12H,0,0,true,0,0,0,
d0_2_12_a2_2_14H,0,0,true,0,0,0,
d0_2_12_a2_3_8H,0,0,true,0,0,0,
d0_2_12_a2_4_8H,0,0,true,0,0,0,
d0_2_12_a2_7_10H,0,0,true,0,0,0,
d0_2_12_a3_-1_10H,0,0,true,0,0,0,
d0_2_12_a3_1_14H,0,0,true,0,0,0,
d0_2_12_a3_2_15H,0,0,true,0,0,0,
d0_2_12_a3_3_13H,0,57,true,0,0,0,
d0_2_12_a3_4_14H,0,0,true,0,0,0,
d0_2_12_a3_5_8H,0,0,true,0,0,0,
d0_2_12_a3_7_11H,0,134,true,0,0,0,
d0_2_12_a3_8_13H,0,0,true,0,0,0,
d0_2_12_a4_0_13H,0,0,true,0,0,0,
d0_2_12_a4_2_10H,0,0,true,0,0,0,
d0_2_12_a4_2_16H,0,0,true,0,0,0,
d0_2_12_a4_3_8H,0,68,true,0,0,0,
d0_2_12_a4_4_9H,0,2,true,0,0,0,
d0_2_12_a4_5_9H,0,140,true,0,0,0,
d0_2_12_a4_6_9H,0,134,true,0,0,0,
d0_2_12_a4_8_11H,0,0,true,0,0,0,
d0_2_12_a4_9_10H,0,0,true,0,0,0,
d0_2_12_a5_0_13H,0,0,true,0,0,0,
d0_2_12_a5_1_14H,0,0,true,0,0,0,
d0_2_12_a5_3_16H,0,0,true,0,0,0,
d0_2_12_a5_4_15H,0,0,true,0,0,0,
d0_2_12_a5_5_14H,0,0,true,0,0,0,
d0_2_12_a5_6_14H,0,250,true,0,0,0,
d0_2_12_a5_7_14H,0,250,true,0,0,0,
d0_2_12_a5_8_8H,0,0,true,0,0,0,
d0_2_12_a6_0_10H,0,0,true,0,0,0,
d0_2_12_a6_1_12H,0,2,true,0,0,0,
d0_2_12_a6_2_8H,0,0,true,0,0,0,
d0_2_12_a6_3_7H,0,0,true,0,0,0,
d0_2_12_a6_4_7H,0,0,true,0,0,0,
d0_2_12_a6_5_7H,0,0,true,0,0,0,
d0_2_12_a6_6_8H,0,1,true,0,0,0,
d0_2_12_a6_7_14H,0,250,true,0,0,0,
d0_2_12_a6_8_15H,0,0,true,0,0,0,
d0_2_12_a7_0_10H,0,0,true,0,0,0,
d0_2_12_a7_10_11H,0,0,true,0,0,0,
d0_2_12_a7_1_16H,0,0,true,0,0,0,
d0_2_12_a7_2_17H,0,0,true,0,0,0,
d0_2_12_a7_3_17H,0,0,true,0,0,0,
d0_2_12_a7_4_16H,0,0,true,0,0,0,
d0_2_12_a7_5_13H,0,109,true,0,0,0,
d0_2_12_a7_6_15H,0,0,true,0,0,0,
d0_2_12_a7_8_12H,0,0,true,0,0,0,
d0_2_12_a7_9_14H,0,0,true,0,0,0,
d0_2_12_a8_0_10H,0,0,true,0,0,0,
d0_2_12_a8_2_10H,0,0,true,0,0,0,
d0_2_12_a8_2_15H,0,362,true,0,0,0,
d0_2_12_a8_3_14H,0,0,true,0,0,0,
d0_2_12_a8_4_8H,0,133,true,0,0,0,
d0_2_12_a8_6_11H,0,524,true,0,0,0,
d0_2_12_a8_7_15H,0,0,true,0,0,0,
d0_2_12_a8_9_10H,0,524,true,0,0,0,
d0_2_12_a9_0_10H,0,0,true,0,0,0,
d0_2_12_a9_1_11H,0,0,true,0,0,0,
d0_2_12_a9_2_12H,0,97,true,0,0,0,
d0_2_12_a9_3_10H,0,0,true,0,0,0,
d0_2_12_a9_4_15H,0,0,true,0,0,0,
d0_2_12_a9_6_12H,0,0,true,0,0,0,
d0_2_12_a9_7_15H,0,0,true,0,0,0,
d0_2_12_a9_9_11H,0,318,true,0,0,0,
d0_2_13_a-1_2_12S,0,0,true,0,0,0,
d0_2_13_a-1_5_13S,1,194,true,0,0,0,
d0_2_13_a0_1_11S,0,0,true,0,0,0,
d0_2_13_a0_3_11S,0,0,true,0,0,0,
d0_2_13_a0_4_12S,0,194,true,0,0,0,
d0_2_13_a0_5_14S,0,194,true,0,0,0,
d0_2_13_a0_7_11S,0,0,true,0,0,0,
d0_2_13_a10_0_13S,0,252,true,0,0,0,
d0_2_12_a-1_2_11S,0,0,true,0,0,0,
d0_2_12_a-1_5_11S,0,0,true,0,0,0,
d0_2_12_a-1_6_9S,0,0,true,0,0,0,
d0_2_12_a0_2_14S,0,0,true,0,0,0,
d0_2_12_a0_4_11S,0,0,true,0,0,0,
d0_2_12_a0_5_12S,0,194,true,0,0,0,
d0_2_12_a0_6_8S,0,0,true,0,0,0,
d0_2_12_a10_0_11S,0,252,true,0,0,0,
d0_2_12_a10_2_15S,0,362,true,0,0,0,
d0_2_12_a10_3_8S,0,184,true,0,0,0,
d0_2_12_a10_5_9S,0,0,true,0,0,0,
d0_2_12_a10_8_11S,0,318,true,0,0,0,
d0_2_12_a11_-1_12S,0,0,true,0,0,0,
d0_2_12_a11_1_11S,0,0,true,0,0,0,
d0_2_12_a11_2_14S,0,362,true,0,0,0,
d0_2_12_a11_3_15S,0,362,true,0,0,0,
d0_2_12_a11_7_11S,0,0,true,0,0,0,
d0_2_12_a11_9_9S,0,0,true,0,0,0,
d0_2_12_a12_1_14S,0,0,true,0,0,0,
d0_2_12_a12_2_17S,0,0,true,0,0,0,
d0_2_12_a12_3_16S,0,0,true,0,0,0,
d0_2_12_a12_5_8S,0,0,true,0,0,0,
d0_2_12_a13_2_14S,0,0,true,0,0,0,
d0_2_12_a13_3_8S,0,0,true,0,0,0,
d0_2_12_a1_1_13S,0,57,true,0,0,0,
d0_2_12_a1_3_11S,0,0,true,0,0,0,
d0_2_12_a1_4_12S,0,194,true,0,0,0,
d0_2_12_a1_5_14S,0,194,true,0,0,0,
d0_2_12_a1_6_9S,0,68,true,0,0,0,
d0_2_12_a2_1_12S,0,0,true,0,0,0,
d0_2_12_a2_2_14S,0,10,true,0,0,0,
d0_2_12_a2_3_8S,0,0,true,0,0,0,
d0_2_12_a2_4_8S,0,0,true,0,0,0,
d0_2_12_a2_7_10S,0,0,true,0,0,0,
d0_2_12_a3_-1_10S,0,0,true,0,0,0,
d0_2_12_a3_1_14S,0,0,true,0,0,0,
d0_2_12_a3_2_15S,0,0,true,0,0,0,
d0_2_12_a3_3_13S,0,110,true,0,0,0,
d0_2_12_a3_4_14S,0,0,true,0,0,0,
d0_2_12_a3_5_8S,0,140,true,0,0,0,
d0_2_12_a3_7_11S,0,0,true,0,0,0,
d0_2_12_a3_8_13S,0,0,true,0,0,0,
d0_2_12_a4_0_13S,0,0,true,0,0,0,
d0_2_12_a4_2_10S,0,0,true,0,0,0,
d0_2_12_a4_2_16S,0,0,true,0,0,0,
d0_2_12_a4_3_8S,0,68,true,0,0,0,
d0_2_12_a4_4_9S,0,69,true,0,0,0,
d0_2_12_a4_5_9S,0,140,true,0,0,0,
d0_2_12_a4_6_9S,0,69,true,0,0,0,
d0_2_12_a4_8_11S,0,0,true,0,0,0,
d0_2_12_a4_9_10S,0,0,true,0,0,0,
d0_2_12_a5_0_13S,0,0,true,0,0,0,
d0_2_12_a5_1_14S,0,0,true,0,0,0,
d0_2_12_a5_3_16S,0,0,true,0,0,0,
d0_2_12_a5_4_15S,0,0,true,0,0,0,
d0_2_12_a5_5_14S,0,176,true,0,0,0,
d0_2_12_a5_6_14S,0,250,true,0,0,0,
d0_2_12_a5_7_14S,0,250,true,0,0,0,
d0_2_12_a5_8_8S,0,0,true,0,0,0,
d0_2_12_a6_0_10S,0,0,true,0,0,0,
d0_2_12_a6_1_12S,0,2,true,0,0,0,
d0_2_12_a6_2_8S,0,0,true,0,0,0,
d0_2_12_a6_3_7S,0,0,true,0,0,0,
d0_2_12_a6_4_7S,0,0,true,0,0,0,
d0_2_12_a6_5_7S,0,0,true,0,0,0,
d0_2_12_a6_6_8S,0,0,true,0,0,0,
d0_2_12_a6_7_14S,0,250,true,0,0,0,
d0_2_12_a6_8_15S,0,0,true,0,0,0,
d0_2_12_a7_0_10S,0,0,true,0,0,0,
d0_2_12_a7_10_11S,0,524,true,0,0,0,
d0_2_12_a7_1_16S,0,0,true,0,0,0,
d0_2_12_a7_2_17S,0,0,true,0,0,0,
d0_2_12_a7_3_17S,0,0,true,0,0,0,
d0_2_12_a7_4_16S,0,0,true,0,0,0,
d0_2_12_a7_5_13S,0,319,true,0,0,0,
d0_2_12_a7_6_15S,0,319,true,0,0,0,
d0_2_12_a7_8_12S,0,598,true,0,0,0,
d0_2_12_a7_9_14S,0,319,true,0,0,0,
d0_2_12_a8_0_10S,0,0,true,0,0,0,
d0_2_12_a8_2_10S,0,396,true,0,0,0,
d0_2_12_a8_2_15S,0,362,true,0,0,0,
d0_2_12_a8_3_14S,0,0,true,0,0,0,
d0_2_12_a8_4_8S,0,133,true,0,0,0,
d0_2_12_a8_6_11S,0,524,true,0,0,0,
d0_2_12_a8_7_15S,0,364,true,0,0,0,
d0_2_12_a8_9_10S,0,524,true,0,0,0,
d0_2_12_a9_0_10S,0,0,true,0,0,0,
d0_2_12_a9_1_11S,0,0,true,0,0,0,
d0_2_12_a9_2_12S,0,0,true,0,0,0,
d0_2_12_a9_3_10S,0,0,true,0,0,0,
d0_2_12_a9_4_15S,0,0,true,0,0,0,
d0_2_12_a9_6_12S,0,0,true,0,0,0,
d0_2_12_a9_7_15S,0,0,true,0,0,0,
d0_2_12_a9_9_11S,0,318,true,0,0,0,
d0_2_13_a-1_2_13H,0,0,true,0,0,0,
d0_2_13_a-1_5_9H,0,0,true,0,0,0,
d0_2_13_a0_1_12H,0,0,true,0,0,0,
d0_2_13_a0_3_12H,0,0,true,0,0,0,
d0_2_13_a0_4_15H,0,0,true,0,0,0,
d0_2_13_a0_5_8H,0,0,true,0,0,0,
d0_2_13_a0_7_12H,0,0,true,0,0,0,
d0_2_13_a10_1_12H,0,252,true,0,0,0,
d0_2_13_a10_2_9H,0,0,true,0,0,0,
d0_2_13_a10_4_7H,0,0,true,0,0,0,
d0_2_12_a-1_2_12H,0,0,true,0,0,0,
d0_2_12_a-1_5_13H,0,0,true,0,0,0,
d0_2_12_a0_1_11H,0,0,true,0,0,0,
d0_2_12_a0_3_11H,0,0,true,0,0,0,
d0_2_12_a0_4_12H,0,0,true,0,0,0,
d0_2_12_a0_5_14H,0,0,true,0,0,0,
d0_2_12_a0_7_11H,0,134,true,0,0,0,
d0_2_12_a10_0_13H,0,252,true,0,0,0,
d0_2_12_a10_2_8H,0,256,true,0,0,0,
d0_2_12_a10_3_9H,0,204,true,0,0,0,
d0_2_12_a10_6_13H,0,0,true,0,0,0,
d0_2_12_a10_8_13H,0,0,true,0,0,0,
d0_2_12_a11_-1_13H,0,0,true,0,0,0,
d0_2_12_a11_1_13H,0,1,true,0,0,0,
d0_2_12_a11_2_16H,0,362,true,0,0,0,
d0_2_12_a11_3_7H,0,0,true,0,0,0,
d0_2_12_a11_7_9H,0,0,true,0,0,0,
d0_2_12_a12_0_11H,0,0,true,0,0,0,
d0_2_12_a12_1_15H,0,0,true,0,0,0,
d0_2_12_a12_2_7H,0,0,true,0,0,0,
d0_2_12_a12_3_7H,0,0,true,0,0,0,
d0_2_12_a12_7_10H,0,0,true,0,0,0,
d0_2_12_a13_2_15H,0,0,true,0,0,0,
d0_2_12_a13_3_9H,0,0,true,0,0,0,
d0_2_12_a1_2_11H,0,0,true,0,0,0,
d0_2_12_a1_3_12H,0,0,true,0,0,0,
d0_2_12_a1_4_13H,0,194,true,0,0,0,
d0_2_12_a1_5_8H,0,0,true,0,0,0,
d0_2_12_a1_7_11H,0,134,true,0,0,0,
d0_2_12_a2_1_13H,0,0,true,0,0,0,
d0_2_12_a2_2_15H,0,0,true,0,0,0,
d0_2_12_a2_4_11H,0,0,true,0,0,0,
d0_2_12_a2_5_14H,0,0,true,0,0,0,
d0_2_12_a2_7_11H,0,134,true,0,0,0,
d0_2_12_a3_-1_11H,0,0,true,0,0,0,
d0_2_12_a3_1_9H,0,0,true,0,0,0,
d0_2_12_a3_2_8H,0,0,true,0,0,0,
d0_2_12_a3_3_14H,0,124,true,0,0,0,
d0_2_12_a3_4_8H,0,0,true,0,0,0,
d0_2_12_a3_6_12H,0,134,true,0,0,0,
d0_2_12_a3_7_14H,0,0,true,0,0,0,
d0_2_12_a3_8_9H,0,0,true,0,0,0,
d0_2_12_a4_0_9H,0,0,true,0,0,0,
d0_2_12_a4_2_11H,0,0,true,0,0,0,
d0_2_12_a4_3_11H,0,0,true,0,0,0,
d0_2_12_a4_3_9H,0,68,true,0,0,0,
d0_2_12_a4_5_10H,0,134,true,0,0,0,
d0_2_12_a4_6_11H,0,134,true,0,0,0,
d0_2_12_a4_7_10H,0,134,true,0,0,0,
d0_2_12_a4_8_12H,0,0,true,0,0,0,
d0_2_12_a4_9_9H,0,0,true,0,0,0,
d0_2_12_a5_10_10H,0,0,true,0,0,0,
d0_2_12_a5_1_15H,0,0,true,0,0,0,
d0_2_12_a5_3_8H,0,68,true,0,0,0,
d0_2_12_a5_4_7H,0,0,true,0,0,0,
d0_2_12_a5_5_8H,0,68,true,0,0,0,
d0_2_12_a5_6_9H,0,62,true,0,0,0,
d0_2_12_a5_7_8H,0,0,true,0,0,0,
d0_2_12_a5_9_11H,0,0,true,0,0,0,
d0_2_12_a6_0_12H,0,3,true,0,0,0,
d0_2_12_a6_1_14H,0,0,true,0,0,0,
d0_2_12_a6_2_9H,0,0,true,0,0,0,
d0_2_12_a6_4_10H,0,1,true,0,0,0,
d0_2_12_a6_5_10H,0,62,true,0,0,0,
d0_2_12_a6_6_10H,0,63,true,0,0,0,
d0_2_12_a6_6_9H,0,62,true,0,0,0,
d0_2_12_a6_7_9H,0,0,true,0,0,0,
d0_2_12_a6_8_9H,0,0,true,0,0,0,
d0_2_12_a7_0_11H,0,2,true,0,0,0,
d0_2_12_a7_1_12H,0,2,true,0,0,0,
d0_2_12_a7_1_9H,0,0,true,0,0,0,
d0_2_12_a7_2_8H,0,0,true,0,0,0,
d0_2_12_a7_3_7H,0,0,true,0,0,0,
d0_2_12_a7_4_7H,0,0,true,0,0,0,
d0_2_12_a7_5_15H,0,0,true,0,0,0,
d0_2_12_a7_6_9H,0,1,true,0,0,0,
d0_2_12_a7_8_15H,0,0,true,0,0,0,
d0_2_12_a7_9_9H,0,0,true,0,0,0,
d0_2_12_a8_0_14H,0,0,true,0,0,0,
d0_2_12_a8_2_11H,0,0,true,0,0,0,
d0_2_12_a8_2_17H,0,0,true,0,0,0,
d0_2_12_a8_3_15H,0,460,true,0,0,0,
d0_2_12_a8_5_13H,0,109,true,0,0,0,
d0_2_12_a8_6_12H,0,1,true,0,0,0,
d0_2_12_a8_7_9H,0,0,true,0,0,0,
d0_2_12_a8_9_11H,0,524,true,0,0,0,
d0_2_12_a9_0_12H,0,252,true,0,0,0,
d0_2_12_a9_1_13H,0,1,true,0,0,0,
d0_2_12_a9_2_14H,0,504,true,0,0,0,
d0_2_12_a9_3_14H,0,0,true,0,0,0,
d0_2_12_a9_4_7H,0,0,true,0,0,0,
d0_2_12_a9_6_14H,0,364,true,0,0,0,
d0_2_12_a9_8_10H,0,318,true,0,0,0,
d0_2_12_a9_9_13H,0,0,true,0,0,0,
d0_2_13_a-1_2_13S,0,0,true,0,0,0,
d0_2_13_a-1_5_9S,1,68,true,0,0,0,
d0_2_13_a0_1_12S,0,0,true,0,0,0,
d0_2_13_a0_3_12S,0,0,true,0,0,0,
d0_2_13_a0_4_15S,0,0,true,0,0,0,
d0_2_13_a0_5_8S,0,68,true,0,0,0,
d0_2_12_a-1_2_12S,0,0,true,0,0,0,
d0_2_12_a-1_5_13S,1,194,true,0,0,0,
d0_2_12_a0_1_11S,0,0,true,0,0,0,
d0_2_12_a0_3_11S,0,0,true,0,0,0,
d0_2_12_a0_4_12S,0,194,true,0,0,0,
d0_2_12_a0_5_14S,0,194,true,0,0,0,
d0_2_12_a0_7_11S,0,0,true,0,0,0,
d0_2_12_a10_0_13S,0,252,true,0,0,0,
d0_2_12_a10_2_8S,0,256,true,0,0,0,
d0_2_12_a10_3_9S,0,204,true,0,0,0,
d0_2_12_a10_6_13S,0,0,true,0,0,0,
d0_2_12_a10_8_13S,0,0,true,0,0,0,
d0_2_12_a11_-1_13S,0,0,true,0,0,0,
d0_2_12_a11_1_13S,0,0,true,0,0,0,
d0_2_12_a11_2_16S,0,362,true,0,0,0,
d0_2_12_a11_3_7S,0,0,true,0,0,0,
d0_2_12_a11_7_9S,0,0,true,0,0,0,
d0_2_12_a12_0_11S,0,0,true,0,0,0,
d0_2_12_a12_1_15S,0,0,true,0,0,0,
d0_2_12_a12_2_7S,0,0,true,0,0,0,
d0_2_12_a12_3_7S,0,0,true,0,0,0,
d0_2_12_a12_7_10S,0,0,true,0,0,0,
d0_2_12_a13_2_15S,0,0,true,0,0,0,
d0_2_12_a13_3_9S,0,0,true,0,0,0,
d0_2_12_a1_2_11S,0,0,true,0,0,0,
d0_2_12_a1_3_12S,0,0,true,0,0,0,
d0_2_12_a1_4_13S,0,194,true,0,0,0,
d0_2_12_a1_5_8S,0,68,true,0,0,0,
d0_2_12_a1_7_11S,0,0,true,0,0,0,
d0_2_12_a2_1_13S,0,251,true,0,0,0,
d0_2_12_a2_2_15S,0,0,true,0,0,0,
d0_2_12_a2_4_11S,0,264,true,0,0,0,
d0_2_12_a2_5_14S,0,334,true,0,0,0,
d0_2_12_a2_7_11S,0,0,true,0,0,0,
d0_2_12_a3_-1_11S,0,0,true,0,0,0,
d0_2_12_a3_1_9S,0,0,true,0,0,0,
d0_2_12_a3_2_8S,0,0,true,0,0,0,
d0_2_12_a3_3_14S,0,11,true,0,0,0,
d0_2_12_a3_4_8S,0,68,true,0,0,0,
d0_2_12_a3_6_12S,0,194,true,0,0,0,
d0_2_12_a3_7_14S,0,0,true,0,0,0,
d0_2_12_a3_8_9S,0,0,true,0,0,0,
d0_2_12_a4_0_9S,0,0,true,0,0,0,
d0_2_12_a4_2_11S,0,0,true,0,0,0,
d0_2_12_a4_3_11S,0,0,true,0,0,0,
d0_2_12_a4_3_9S,0,68,true,0,0,0,
d0_2_12_a4_5_10S,0,69,true,0,0,0,
d0_2_12_a4_6_11S,0,134,true,0,0,0,
d0_2_12_a4_7_10S,0,134,true,0,0,0,
d0_2_12_a4_8_12S,0,0,true,0,0,0,
d0_2_12_a4_9_9S,0,0,true,0,0,0,
d0_2_12_a5_10_10S,0,0,true,0,0,0,
d0_2_12_a5_1_15S,0,0,true,0,0,0,
d0_2_12_a5_3_8S,0,1,true,0,0,0,
d0_2_12_a5_4_7S,0,0,true,0,0,0,
d0_2_12_a5_5_8S,0,69,true,0,0,0,
d0_2_12_a5_6_9S,0,2,true,0,0,0,
d0_2_12_a5_7_8S,0,0,true,0,0,0,
d0_2_12_a5_9_11S,0,0,true,0,0,0,
d0_2_12_a6_0_12S,0,3,true,0,0,0,
d0_2_12_a6_1_14S,0,0,true,0,0,0,
d0_2_12_a6_2_9S,0,0,true,0,0,0,
d0_2_12_a6_4_10S,0,1,true,0,0,0,
d0_2_12_a6_5_10S,0,62,true,0,0,0,
d0_2_12_a6_6_10S,0,63,true,0,0,0,
d0_2_12_a6_6_9S,0,2,true,0,0,0,
d0_2_12_a6_7_9S,0,0,true,0,0,0,
d0_2_12_a6_8_9S,0,0,true,0,0,0,
d0_2_12_a7_0_11S,0,188,true,0,0,0,
d0_2_12_a7_1_12S,0,2,true,0,0,0,
d0_2_12_a7_1_9S,0,0,true,0,0,0,
d0_2_12_a7_2_8S,0,0,true,0,0,0,
d0_2_12_a7_3_7S,0,0,true,0,0,0,
d0_2_12_a7_4_7S,0,0,true,0,0,0,
d0_2_12_a7_5_15S,0,319,true,0,0,0,
d0_2_12_a7_6_9S,0,2,true,0,0,0,
d0_2_12_a7_8_15S,0,319,true,0,0,0,
d0_2_12_a7_9_9S,0,524,true,0,0,0,
d0_2_12_a8_0_14S,0,0,true,0,0,0,
d0_2_12_a8_2_11S,0,0,true,0,0,0,
d0_2_12_a8_2_17S,0,0,true,0,0,0,
d0_2_12_a8_3_15S,0,460,true,0,0,0,
d0_2_12_a8_5_13S,0,364,true,0,0,0,
d0_2_12_a8_6_12S,0,318,true,0,0,0,
d0_2_12_a8_7_9S,0,0,true,0,0,0,
d0_2_12_a8_9_11S,0,524,true,0,0,0,
d0_2_12_a9_0_12S,0,252,true,0,0,0,
d0_2_12_a9_1_13S,0,0,true,0,0,0,
d0_2_12_a9_2_14S,0,504,true,0,0,0,
d0_2_12_a9_3_14S,0,0,true,0,0,0,
d0_2_12_a9_4_7S,0,0,true,0,0,0,
d0_2_12_a9_6_14S,0,0,true,0,0,0,
d0_2_12_a9_8_10S,0,318,true,0,0,0,
d0_2_12_a9_9_13S,0,0,true,0,0,0,
d0_2_13_a-1_4_13H,0,0,true,0,0,0,
d0_2_13_a-1_6_11H,0,134,true,0,0,0,
d0_2_13_a0_1_13H,0,0,true,0,0,0,
d0_2_13_a0_3_13H,0,0,true,0,0,0,
d0_2_13_a0_4_9H,0,0,true,0,0,0,
d0_2_13_a0_6_10H,0,134,true,0,0,0,
d0_2_13_a0_7_9H,0,0,true,0,0,0,
d0_2_13_a10_1_14H,0,0,true,0,0,0,
d0_2_13_a10_3_14H,0,0,true,0,0,0,
d0_2_13_a10_4_9H,0,0,true,0,0,0,
d0_2_12_a-1_2_13H,0,0,true,0,0,0,
d0_2_12_a-1_5_9H,0,0,true,0,0,0,
d0_2_12_a0_1_12H,0,0,true,0,0,0,
d0_2_12_a0_3_12H,0,0,true,0,0,0,
d0_2_12_a0_4_15H,0,0,true,0,0,0,
d0_2_12_a0_5_8H,0,0,true,0,0,0,
d0_2_12_a0_7_12H,0,0,true,0,0,0,
d0_2_12_a10_1_12H,0,252,true,0,0,0,
d0_2_12_a10_2_9H,0,0,true,0,0,0,
d0_2_12_a10_4_7H,0,0,true,0,0,0,
d0_2_12_a10_7_10H,0,318,true,0,0,0,
d0_2_12_a10_8_9H,0,0,true,0,0,0,
d0_2_12_a11_0_10H,0,0,true,0,0,0,
d0_2_12_a11_1_15H,0,0,true,0,0,0,
d0_2_12_a11_2_7H,0,0,true,0,0,0,
d0_2_12_a11_4_8H,0,184,true,0,0,0,
d0_2_12_a11_8_12H,0,0,true,0,0,0,
d0_2_12_a12_0_12H,0,0,true,0,0,0,
d0_2_12_a12_1_16H,0,0,true,0,0,0,
d0_2_12_a12_2_9H,0,0,true,0,0,0,
d0_2_12_a12_4_15H,0,0,true,0,0,0,
d0_2_12_a12_8_10H,0,0,true,0,0,0,
d0_2_12_a13_2_16H,0,0,true,0,0,0,
d0_2_12_a13_4_8H,0,0,true,0,0,0,
d0_2_12_a1_2_12H,0,0,true,0,0,0,
d0_2_12_a1_3_15H,0,0,true,0,0,0,
d0_2_12_a1_4_14H,0,194,true,0,0,0,
d0_2_12_a1_6_10H,0,134,true,0,0,0,
d0_2_12_a2_0_10H,0,0,true,0,0,0,
d0_2_12_a2_2_10H,0,0,true,0,0,0,
d0_2_12_a2_2_9H,0,0,true,0,0,0,
d0_2_12_a2_4_12H,0,0,true,0,0,0,
d0_2_12_a2_5_8H,0,0,true,0,0,0,
d0_2_12_a2_7_12H,0,0,true,0,0,0,
d0_2_12_a3_0_12H,0,0,true,0,0,0,
d0_2_12_a3_2_10H,0,0,true,0,0,0,
d0_2_12_a3_2_9H,0,0,true,0,0,0,
d0_2_12_a3_3_15H,0,251,true,0,0,0,
d0_2_12_a3_5_11H,0,134,true,0,0,0,
d0_2_12_a3_6_13H,0,194,true,0,0,0,
d0_2_12_a3_7_8H,0,0,true,0,0,0,
d0_2_12_a4_-1_10H,0,0,true,0,0,0,
d0_2_12_a4_1_13H,0,0,true,0,0,0,
d0_2_12_a4_2_12H,0,0,true,0,0,0,
d0_2_12_a4_3_13H,0,57,true,0,0,0,
d0_2_12_a4_4_10H,0,68,true,0,0,0,
d0_2_12_a4_5_12H,0,194,true,0,0,0,
d0_2_12_a4_6_12H,0,194,true,0,0,0,
d0_2_12_a4_7_11H,0,63,true,0,0,0,
d0_2_12_a4_8_13H,0,0,true,0,0,0,
d0_2_12_a5_-1_12H,0,0,true,0,0,0,
d0_2_12_a5_1_10H,0,3,true,0,0,0,
d0_2_12_a5_2_12H,0,226,true,0,0,0,
d0_2_12_a5_3_9H,0,68,true,0,0,0,
d0_2_12_a5_4_9H,0,2,true,0,0,0,
d0_2_12_a5_5_9H,0,68,true,0,0,0,
d0_2_12_a5_7_11H,0,62,true,0,0,0,
d0_2_12_a5_8_11H,0,0,true,0,0,0,
d0_2_12_a5_9_13H,0,0,true,0,0,0,
d0_2_12_a6_10_11H,0,0,true,0,0,0,
d0_2_12_a6_1_15H,0,0,true,0,0,0,
d0_2_12_a6_3_10H,0,0,true,0,0,0,
d0_2_12_a6_4_13H,0,1,true,0,0,0,
d0_2_12_a6_5_11H,0,1,true,0,0,0,
d0_2_12_a6_6_12H,0,1,true,0,0,0,
d0_2_12_a6_7_10H,0,0,true,0,0,0,
d0_2_12_a6_8_10H,0,3,true,0,0,0,
d0_2_12_a6_9_10H,0,63,true,0,0,0,
d0_2_12_a7_0_12H,0,2,true,0,0,0,
d0_2_12_a7_1_13H,0,226,true,0,0,0,
d0_2_12_a7_2_10H,0,0,true,0,0,0,
d0_2_12_a7_2_9H,0,0,true,0,0,0,
d0_2_12_a7_4_13H,0,0,true,0,0,0,
d0_2_12_a7_4_9H,0,133,true,0,0,0,
d0_2_12_a7_5_8H,0,0,true,0,0,0,
d0_2_12_a7_7_12H,0,0,true,0,0,0,
d0_2_12_a7_8_9H,0,0,true,0,0,0,
d0_2_12_a8_-1_11H,0,0,true,0,0,0,
d0_2_12_a8_1_14H,0,0,true,0,0,0,
d0_2_12_a8_2_12H,0,97,true,0,0,0,
d0_2_12_a8_2_8H,0,0,true,0,0,0,
d0_2_12_a8_3_16H,0,0,true,0,0,0,
d0_2_12_a8_5_14H,0,319,true,0,0,0,
d0_2_12_a8_6_14H,0,319,true,0,0,0,
d0_2_12_a8_8_10H,0,524,true,0,0,0,
d0_2_12_a8_9_13H,0,0,true,0,0,0,
d0_2_12_a9_0_14H,0,0,true,0,0,0,
d0_2_12_a9_1_8H,0,0,true,0,0,0,
d0_2_12_a9_2_15H,0,362,true,0,0,0,
d0_2_12_a9_3_16H,0,0,true,0,0,0,
d0_2_12_a9_5_10H,0,0,true,0,0,0,
d0_2_12_a9_6_9H,0,0,true,0,0,0,
d0_2_12_a9_8_11H,0,524,true,0,0,0,
d0_2_12_a9_9_9H,0,0,true,0,0,0,
d0_2_13_a-1_4_13S,1,194,true,0,0,0,
d0_2_13_a-1_6_11S,0,0,true,0,0,0,
d0_2_13_a0_1_13S,0,0,true,0,0,0,
d0_2_13_a0_3_13S,0,264,true,0,0,0,
d0_2_13_a0_4_9S,0,68,true,0,0,0,
d0_2_13_a0_6_10S,0,0,true,0,0,0,
d0_2_13_a0_7_9S,0,0,true,0,0,0,
d0_2_13_a10_1_14S,0,413,true,0,0,0,
d0_2_13_a10_3_14S,0,0,true,0,0,0,
d0_2_13_a10_4_9S,0,0,true,0,0,0,
d0_2_13_a10_7_13S,0,0,true,0,0,0,
d0_2_12_a-1_2_13S,1,0,true,0,0,0,
d0_2_12_a-1_5_9S,1,68,true,0,0,0,
d0_2_12_a0_1_12S,0,0,true,0,0,0,
d0_2_12_a0_3_12S,0,0,true,0,0,0,
d0_2_12_a0_4_15S,0,0,true,0,0,0,
d0_2_12_a0_5_8S,0,68,true,0,0,0,
d0_2_12_a0_7_12S,0,0,true,0,0,0,
d0_2_12_a10_1_12S,0,252,true,0,0,0,
d0_2_12_a10_2_9S,0,0,true,0,0,0,
d0_2_12_a10_4_7S,0,0,true,0,0,0,
d0_2_12_a10_7_10S,0,318,true,0,0,0,
d0_2_12_a10_8_9S,0,0,true,0,0,0,
d0_2_12_a11_0_10S,0,0,true,0,0,0,
d0_2_12_a11_1_15S,0,0,true,0,0,0,
d0_2_12_a11_2_7S,0,0,true,0,0,0,
d0_2_12_a11_4_8S,0,184,true,0,0,0,
d0_2_12_a11_8_12S,0,630,true,0,0,0,
d0_2_12_a12_0_12S,0,0,true,0,0,0,
d0_2_12_a12_1_16S,0,0,true,0,0,0,
d0_2_12_a12_2_9S,0,0,true,0,0,0,
d0_2_12_a12_4_15S,0,0,true,0,0,0,
d0_2_12_a12_8_10S,0,0,true,0,0,0,
d0_2_12_a13_2_16S,0,0,true,0,0,0,
d0_2_12_a13_4_8S,0,0,true,0,0,0,
d0_2_12_a1_2_12S,0,57,true,0,0,0,
d0_2_12_a1_3_15S,0,0,true,0,0,0,
d0_2_12_a1_4_14S,0,122,true,0,0,0,
d0_2_12_a1_6_10S,0,0,true,0,0,0,
d0_2_12_a2_0_10S,0,0,true,0,0,0,
d0_2_12_a2_2_10S,0,0,true,0,0,0,
d0_2_12_a2_2_9S,0,0,true,0,0,0,
d0_2_12_a2_4_12S,0,194,true,0,0,0,
d0_2_12_a2_5_8S,0,68,true,0,0,0,
d0_2_12_a2_7_12S,0,264,true,0,0,0,
d0_2_12_a3_0_12S,0,141,true,0,0,0,
d0_2_12_a3_2_10S,0,0,true,0,0,0,
d0_2_12_a3_2_9S,0,68,true,0,0,0,
d0_2_12_a3_3_15S,0,251,true,0,0,0,
d0_2_12_a3_5_11S,0,194,true,0,0,0,
d0_2_12_a3_6_13S,0,122,true,0,0,0,
d0_2_12_a3_7_8S,0,0,true,0,0,0,
d0_2_12_a4_-1_10S,0,0,true,0,0,0,
d0_2_12_a4_1_13S,0,0,true,0,0,0,
d0_2_12_a4_2_12S,0,0,true,0,0,0,
d0_2_12_a4_3_13S,0,110,true,0,0,0,
d0_2_12_a4_4_10S,0,68,true,0,0,0,
d0_2_12_a4_5_12S,0,194,true,0,0,0,
d0_2_12_a4_6_12S,0,240,true,0,0,0,
d0_2_12_a4_7_11S,0,393,true,0,0,0,
d0_2_12_a4_8_13S,0,11,true,0,0,0,
d0_2_12_a5_-1_12S,0,0,true,0,0,0,
d0_2_12_a5_1_10S,0,3,true,0,0,0,
d0_2_12_a5_2_12S,0,0,true,0,0,0,
d0_2_12_a5_3_9S,0,68,true,0,0,0,
d0_2_12_a5_4_9S,0,69,true,0,0,0,
d0_2_12_a5_5_9S,0,68,true,0,0,0,
d0_2_12_a5_7_11S,0,393,true,0,0,0,
d0_2_12_a5_8_11S,0,5,true,0,0,0,
d0_2_12_a5_9_13S,0,0,true,0,0,0,
d0_2_12_a6_10_11S,0,0,true,0,0,0,
d0_2_12_a6_1_15S,0,0,true,0,0,0,
d0_2_12_a6_3_10S,0,0,true,0,0,0,
d0_2_12_a6_4_13S,0,1,true,0,0,0,
d0_2_12_a6_5_11S,0,56,true,0,0,0,
d0_2_12_a6_6_12S,0,240,true,0,0,0,
d0_2_12_a6_7_10S,0,187,true,0,0,0,
d0_2_12_a6_8_10S,0,184,true,0,0,0,
d0_2_12_a6_9_10S,0,528,true,0,0,0,
d0_2_12_a7_0_12S,0,2,true,0,0,0,
d0_2_12_a7_1_13S,0,0,true,0,0,0,
d0_2_12_a7_2_10S,0,0,true,0,0,0,
d0_2_12_a7_2_9S,0,0,true,0,0,0,
d0_2_12_a7_4_13S,0,0,true,0,0,0,
d0_2_12_a7_4_9S,0,133,true,0,0,0,
d0_2_12_a7_5_8S,0,0,true,0,0,0,
d0_2_12_a7_7_12S,0,524,true,0,0,0,
d0_2_12_a7_8_9S,0,0,true,0,0,0,
d0_2_12_a8_-1_11S,0,0,true,0,0,0,
d0_2_12_a8_1_14S,0,554,true,0,0,0,
d0_2_12_a8_2_12S,0,0,true,0,0,0,
d0_2_12_a8_2_8S,0,0,true,0,0,0,
d0_2_12_a8_3_16S,0,0,true,0,0,0,
d0_2_12_a8_5_14S,0,319,true,0,0,0,
d0_2_12_a8_6_14S,0,319,true,0,0,0,
d0_2_12_a8_8_10S,0,524,true,0,0,0,
d0_2_12_a8_9_13S,0,364,true,0,0,0,
d0_2_12_a9_0_14S,0,0,true,0,0,0,
d0_2_12_a9_1_8S,0,0,true,0,0,0,
d0_2_12_a9_2_15S,0,362,true,0,0,0,
d0_2_12_a9_3_16S,0,0,true,0,0,0,
d0_2_12_a9_5_10S,0,0,true,0,0,0,
d0_2_12_a9_6_9S,0,0,true,0,0,0,
d0_2_12_a9_8_11S,0,524,true,0,0,0,
d0_2_12_a9_9_9S,0,187,true,0,0,0,
d0_2_13_a-1_4_14H,0,0,true,0,0,0,
d0_2_13_a-1_6_12H,0,0,true,0,0,0,
d0_2_13_a0_2_10H,0,0,true,0,0,0,
d0_2_13_a0_3_14H,0,0,true,0,0,0,
d0_2_13_a0_5_10H,0,0,true,0,0,0,
d0_2_13_a0_6_13H,0,0,true,0,0,0,
d0_2_13_a10_-1_12H,0,0,true,0,0,0,
d0_2_13_a10_2_13H,0,0,true,0,0,0,
d0_2_13_a10_3_15H,0,362,true,0,0,0,
d0_2_12_a-1_4_13H,0,0,true,0,0,0,
d0_2_12_a-1_6_11H,0,134,true,0,0,0,
d0_2_12_a0_1_13H,0,0,true,0,0,0,
d0_2_12_a0_3_13H,0,0,true,0,0,0,
d0_2_12_a0_4_9H,0,0,true,0,0,0,
d0_2_12_a0_6_10H,0,134,true,0,0,0,
d0_2_12_a0_7_9H,0,0,true,0,0,0,
d0_2_12_a10_1_14H,0,0,true,0,0,0,
d0_2_12_a10_3_14H,0,0,true,0,0,0,
d0_2_12_a10_4_9H,0,0,true,0,0,0,
d0_2_12_a10_7_13H,0,0,true,0,0,0,
d0_2_12_a10_9_10H,0,318,true,0,0,0,
d0_2_12_a11_0_14H,0,0,true,0,0,0,
d0_2_12_a11_1_8H,0,0,true,0,0,0,
d0_2_12_a11_2_9H,0,0,true,0,0,0,
d0_2_12_a11_4_9H,0,0,true,0,0,0,
d0_2_12_a11_8_9H,0,0,true,0,0,0,
d0_2_12_a12_0_13H,0,0,true,0,0,0,
d0_2_12_a12_1_8H,0,0,true,0,0,0,
d0_2_12_a12_3_10H,0,0,true,0,0,0,
d0_2_12_a12_4_7H,0,0,true,0,0,0,
d0_2_12_a12_8_11H,0,0,true,0,0,0,
d0_2_12_a13_2_8H,0,0,true,0,0,0,
d0_2_12_a1_0_12H,0,0,true,0,0,0,
d0_2_12_a1_2_14H,0,0,true,0,0,0,
d0_2_12_a1_3_9H,0,0,true,0,0,0,
d0_2_12_a1_4_9H,0,0,true,0,0,0,
d0_2_12_a1_6_12H,0,134,true,0,0,0,
d0_2_12_a2_0_11H,0,0,true,0,0,0,
d0_2_12_a2_2_11H,0,0,true,0,0,0,
d0_2_12_a2_3_12H,0,0,true,0,0,0,
d0_2_12_a2_4_13H,0,194,true,0,0,0,
d0_2_12_a2_6_14H,0,0,true,0,0,0,
d0_2_12_a2_7_13H,0,0,true,0,0,0,
d0_2_12_a3_0_9H,0,0,true,0,0,0,
d0_2_12_a3_2_12H,0,0,true,0,0,0,
d0_2_12_a3_3_10H,0,0,true,0,0,0,
d0_2_12_a3_3_7H,0,0,true,0,0,0,
d0_2_12_a3_5_12H,0,194,true,0,0,0,
d0_2_12_a3_6_14H,0,0,true,0,0,0,
d0_2_12_a3_8_10H,0,0,true,0,0,0,
d0_2_12_a4_-1_11H,0,0,true,0,0,0,
d0_2_12_a4_1_15H,0,0,true,0,0,0,
d0_2_12_a4_2_13H,0,251,true,0,0,0,
d0_2_12_a4_3_14H,0,124,true,0,0,0,
d0_2_12_a4_4_13H,0,56,true,0,0,0,
d0_2_12_a4_5_14H,0,0,true,0,0,0,
d0_2_12_a4_6_15H,0,0,true,0,0,0,
d0_2_12_a4_7_15H,0,0,true,0,0,0,
d0_2_12_a4_8_14H,0,0,true,0,0,0,
d0_2_12_a5_0_10H,0,0,true,0,0,0,
d0_2_12_a5_1_11H,0,2,true,0,0,0,
d0_2_12_a5_2_16H,0,0,true,0,0,0,
d0_2_12_a5_4_13H,0,56,true,0,0,0,
d0_2_12_a5_5_10H,0,62,true,0,0,0,
d0_2_12_a5_6_11H,0,62,true,0,0,0,
d0_2_12_a5_7_12H,0,0,true,0,0,0,
d0_2_12_a5_8_12H,0,0,true,0,0,0,
d0_2_12_a5_9_9H,0,0,true,0,0,0,
d0_2_12_a6_1_10H,0,3,true,0,0,0,
d0_2_12_a6_2_13H,0,0,true,0,0,0,
d0_2_12_a6_3_12H,0,0,true,0,0,0,
d0_2_12_a6_4_14H,0,0,true,0,0,0,
d0_2_12_a6_5_13H,0,250,true,0,0,0,
d0_2_12_a6_6_13H,0,0,true,0,0,0,
d0_2_12_a6_7_12H,0,0,true,0,0,0,
d0_2_12_a6_8_12H,0,0,true,0,0,0,
d0_2_12_a6_9_12H,0,0,true,0,0,0,
d0_2_12_a7_0_13H,0,0,true,0,0,0,
d0_2_12_a7_1_14H,0,0,true,0,0,0,
d0_2_12_a7_2_11H,0,0,true,0,0,0,
d0_2_12_a7_3_10H,0,0,true,0,0,0,
d0_2_12_a7_4_14H,0,0,true,0,0,0,
d0_2_12_a7_5_10H,0,1,true,0,0,0,
d0_2_12_a7_6_10H,0,63,true,0,0,0,
d0_2_12_a7_7_15H,0,0,true,0,0,0,
d0_2_12_a7_9_12H,0,0,true,0,0,0,
d0_2_12_a8_-1_12H,0,0,true,0,0,0,
d0_2_12_a8_1_16H,0,0,true,0,0,0,
d0_2_12_a8_2_13H,0,0,true,0,0,0,
d0_2_12_a8_2_9H,0,0,true,0,0,0,
d0_2_12_a8_3_9H,0,133,true,0,0,0,
d0_2_12_a8_5_9H,0,133,true,0,0,0,
d0_2_12_a8_7_11H,0,524,true,0,0,0,
d0_2_12_a8_8_12H,0,0,true,0,0,0,
d0_2_12_a9_-1_11H,0,0,true,0,0,0,
d0_2_12_a9_10_10H,0,0,true,0,0,0,
d0_2_12_a9_1_9H,0,0,true,0,0,0,
d0_2_12_a9_2_16H,0,362,true,0,0,0,
d0_2_12_a9_3_7H,0,0,true,0,0,0,
d0_2_12_a9_5_13H,0,109,true,0,0,0,
d0_2_12_a9_7_10H,0,524,true,0,0,0,
d0_2_12_a9_8_12H,0,0,true,0,0,0,
d0_2_13,0,0,true,0,0,0,
d0_2_13_a-1_4_14S,0,0,true,0,0,0,
d0_2_13_a-1_6_12S,0,0,true,0,0,0,
d0_2_13_a0_2_10S,0,0,true,0,0,0,
d0_2_13_a0_3_14S,0,0,true,0,0,0,
d0_2_13_a0_5_10S,0,140,true,0,0,0,
d0_2_13_a0_6_13S,0,194,true,0,0,0,
d0_2_13_a10_-1_12S,0,0,true,0,0,0,
d0_2_13_a10_2_13S,0,413,true,0,0,0,
d0_2_12_a-1_4_13S,1,194,true,0,0,0,
d0_2_12_a-1_6_11S,0,0,true,0,0,0,
d0_2_12_a0_1_13S,0,104,true,0,0,0,
d0_2_12_a0_3_13S,0,334,true,0,0,0,
d0_2_12_a0_4_9S,0,68,true,0,0,0,
d0_2_12_a0_6_10S,0,0,true,0,0,0,
d0_2_12_a0_7_9S,0,0,true,0,0,0,
d0_2_12_a10_1_14S,0,413,true,0,0,0,
d0_2_12_a10_3_14S,0,0,true,0,0,0,
d0_2_12_a10_4_9S,0,0,true,0,0,0,
d0_2_12_a10_7_13S,0,0,true,0,0,0,
d0_2_12_a10_9_10S,0,318,true,0,0,0,
d0_2_12_a11_0_14S,0,0,true,0,0,0,
d0_2_12_a11_1_8S,0,0,true,0,0,0,
d0_2_12_a11_2_9S,0,0,true,0,0,0,
d0_2_12_a11_4_9S,0,0,true,0,0,0,
d0_2_12_a11_8_9S,0,0,true,0,0,0,
d0_2_12_a12_0_13S,0,0,true,0,0,0,
d0_2_12_a12_1_8S,0,0,true,0,0,0,
d0_2_12_a12_3_10S,0,0,true,0,0,0,
d0_2_12_a12_4_7S,0,0,true,0,0,0,
d0_2_12_a12_8_11S,0,0,true,0,0,0,
d0_2_12_a13_2_8S,0,0,true,0,0,0,
d0_2_12_a1_0_12S,0,0,true,0,0,0,
d0_2_12_a1_2_14S,0,0,true,0,0,0,
d0_2_12_a1_3_9S,0,0,true,0,0,0,
d0_2_12_a1_4_9S,0,68,true,0,0,0,
d0_2_12_a1_6_12S,0,134,true,0,0,0,
d0_2_12_a2_0_11S,0,0,true,0,0,0,
d0_2_12_a2_2_11S,0,0,true,0,0,0,
d0_2_12_a2_3_12S,0,330,true,0,0,0,
d0_2_12_a2_4_13S,0,334,true,0,0,0,
d0_2_12_a2_6_14S,0,0,true,0,0,0,
d0_2_12_a2_7_13S,0,0,true,0,0,0,
d0_2_12_a3_0_9S,0,0,true,0,0,0,
d0_2_12_a3_2_12S,0,251,true,0,0,0,
d0_2_12_a3_3_10S,0,140,true,0,0,0,
d0_2_12_a3_3_7S,0,0,true,0,0,0,
d0_2_12_a3_5_12S,0,194,true,0,0,0,
d0_2_12_a3_6_14S,0,0,true,0,0,0,
d0_2_12_a3_8_10S,0,0,true,0,0,0,
d0_2_12_a4_-1_11S,0,0,true,0,0,0,
d0_2_12_a4_1_15S,0,0,true,0,0,0,
d0_2_12_a4_2_13S,0,251,true,0,0,0,
d0_2_12_a4_3_14S,0,11,true,0,0,0,
d0_2_12_a4_4_13S,0,122,true,0,0,0,
d0_2_12_a4_5_14S,0,122,true,0,0,0,
d0_2_12_a4_6_15S,0,0,true,0,0,0,
d0_2_12_a4_7_15S,0,0,true,0,0,0,
d0_2_12_a4_8_14S,0,0,true,0,0,0,
d0_2_12_a5_0_10S,0,0,true,0,0,0,
d0_2_12_a5_1_11S,0,2,true,0,0,0,
d0_2_12_a5_2_16S,0,0,true,0,0,0,
d0_2_12_a5_4_13S,0,176,true,0,0,0,
d0_2_12_a5_5_10S,0,1,true,0,0,0,
d0_2_12_a5_6_11S,0,62,true,0,0,0,
d0_2_12_a5_7_12S,0,0,true,0,0,0,
d0_2_12_a5_8_12S,0,0,true,0,0,0,
d0_2_12_a5_9_9S,0,0,true,0,0,0,
d0_2_12_a6_1_10S,0,3,true,0,0,0,
d0_2_12_a6_2_13S,0,92,true,0,0,0,
d0_2_12_a6_3_12S,0,0,true,0,0,0,
d0_2_12_a6_4_14S,0,0,true,0,0,0,
d0_2_12_a6_5_13S,0,250,true,0,0,0,
d0_2_12_a6_6_13S,0,319,true,0,0,0,
d0_2_12_a6_7_12S,0,0,true,0,0,0,
d0_2_12_a6_8_12S,0,0,true,0,0,0,
d0_2_12_a6_9_12S,0,0,true,0,0,0,
d0_2_12_a7_0_13S,0,0,true,0,0,0,
d0_2_12_a7_1_14S,0,554,true,0,0,0,
d0_2_12_a7_2_11S,0,0,true,0,0,0,
d0_2_12_a7_3_10S,0,0,true,0,0,0,
d0_2_12_a7_4_14S,0,657,true,0,0,0,
d0_2_12_a7_5_10S,0,1,true,0,0,0,
d0_2_12_a7_6_10S,0,524,true,0,0,0,
d0_2_12_a7_7_15S,0,319,true,0,0,0,
d0_2_12_a7_9_12S,0,524,true,0,0,0,
d0_2_12_a8_-1_12S,0,0,true,0,0,0,
d0_2_12_a8_1_16S,0,0,true,0,0,0,
d0_2_12_a8_2_13S,0,554,true,0,0,0,
d0_2_12_a8_2_9S,0,0,true,0,0,0,
d0_2_12_a8_3_9S,0,133,true,0,0,0,
d0_2_12_a8_5_9S,0,133,true,0,0,0,
d0_2_12_a8_7_11S,0,524,true,0,0,0,
d0_2_12_a8_8_12S,0,506,true,0,0,0,
d0_2_12_a9_-1_11S,0,0,true,0,0,0,
d0_2_12_a9_10_10S,0,187,true,0,0,0,
d0_2_12_a9_1_9S,0,396,true,0,0,0,
d0_2_12_a9_2_16S,0,362,true,0,0,0,
d0_2_12_a9_3_7S,0,0,true,0,0,0,
d0_2_12_a9_5_13S,0,0,true,0,0,0,
d0_2_12_a9_7_10S,0,524,true,0,0,0,
d0_2_12_a9_8_12S,0,630,true,0,0,0,
d0_2_13_a-1_2_11H,0,0,true,0,0,0,
d0_2_13_a-1_5_11H,0,0,true,0,0,0,
d0_2_13_a-1_6_9H,0,0,true,0,0,0,
d0_2_13_a0_2_14H,0,0,true,0,0,0,
d0_2_13_a0_4_11H,0,0,true,0,0,0,
d0_2_12_a-1_4_14H,0,0,true,0,0,0,
d0_2_12_a-1_6_12H,0,0,true,0,0,0,
d0_2_12_a0_2_10H,0,0,true,0,0,0,
d0_2_12_a0_3_14H,0,0,true,0,0,0,
d0_2_12_a0_5_10H,0,0,true,0,0,0,
d0_2_12_a0_6_13H,0,0,true,0,0,0,
d0_2_12_a10_-1_12H,0,0,true,0,0,0,
d0_2_12_a10_2_13H,0,0,true,0,0,0,
d0_2_12_a10_3_15H,0,362,true,0,0,0,
d0_2_12_a10_5_8H,0,0,true,0,0,0,
d0_2_12_a10_7_14H,0,0,true,0,0,0,
d0_2_12_a11_-1_11H,0,0,true,0,0,0,
d0_2_12_a11_10_10H,0,0,true,0,0,0,
d0_2_12_a11_2_12H,0,1,true,0,0,0,
d0_2_12_a11_3_10H,0,0,true,0,0,0,
d0_2_12_a11_6_10H,0,2,true,0,0,0,
d0_2_12_a11_9_11H,0,336,true,0,0,0,
d0_2_12_a12_1_12H,0,0,true,0,0,0,
d0_2_12_a12_2_13H,0,0,true,0,0,0,
d0_2_12_a12_3_14H,0,0,true,0,0,0,
d0_2_12_a12_4_9H,0,0,true,0,0,0,
d0_2_12_a12_9_10H,0,0,true,0,0,0,
d0_2_12_a13_3_15H,0,0,true,0,0,0,
d0_2_12_a1_1_11H,0,0,true,0,0,0,
d0_2_12_a1_3_10H,0,0,true,0,0,0,
d0_2_12_a1_4_10H,0,0,true,0,0,0,
d0_2_12_a1_5_11H,0,134,true,0,0,0,
d0_2_12_a1_6_13H,0,0,true,0,0,0,
d0_2_12_a2_1_10H,0,0,true,0,0,0,
d0_2_12_a2_2_12H,0,0,true,0,0,0,
d0_2_12_a2_3_16H,0,0,true,0,0,0,
d0_2_12_a2_4_15H,0,0,true,0,0,0,
d0_2_12_a2_6_9H,0,69,true,0,0,0,
d0_2_12_a2_7_9H,0,0,true,0,0,0,
d0_2_12_a3_1_13H,0,0,true,0,0,0,
d0_2_12_a3_2_13H,0,181,true,0,0,0,
d0_2_12_a3_3_12H,0,0,true,0,0,0,
d0_2_12_a3_4_11H,0,0,true,0,0,0,
d0_2_12_a3_5_13H,0,194,true,0,0,0,
d0_2_12_a3_6_8H,0,134,true,0,0,0,
d0_2_12_a3_8_12H,0,0,true,0,0,0,
d0_2_12_a4_-1_12H,0,0,true,0,0,0,
d0_2_12_a4_1_9H,0,0,true,0,0,0,
d0_2_12_a4_2_14H,0,251,true,0,0,0,
d0_2_12_a4_3_15H,0,251,true,0,0,0,
d0_2_12_a4_4_8H,0,0,true,0,0,0,
d0_2_12_a4_5_7H,0,0,true,0,0,0,
d0_2_12_a4_6_8H,0,62,true,0,0,0,
d0_2_12_a4_7_9H,0,134,true,0,0,0,
d0_2_12_a4_8_8H,0,0,true,0,0,0,
d0_2_12_a5_0_11H,0,3,true,0,0,0,
d0_2_12_a5_1_13H,0,226,true,0,0,0,
d0_2_12_a5_3_12H,0,0,true,0,0,0,
d0_2_12_a5_4_14H,0,0,true,0,0,0,
d0_2_12_a5_5_13H,0,250,true,0,0,0,
d0_2_12_a5_6_13H,0,0,true,0,0,0,
d0_2_12_a5_7_13H,0,113,true,0,0,0,
d0_2_12_a5_8_14H,0,0,true,0,0,0,
d0_2_12_a6_-1_11H,0,0,true,0,0,0,
d0_2_12_a6_1_11H,0,2,true,0,0,0,
d0_2_12_a6_2_16H,0,0,true,0,0,0,
d0_2_12_a6_3_16H,0,0,true,0,0,0,
d0_2_12_a6_4_15H,0,0,true,0,0,0,
d0_2_12_a6_5_15H,0,0,true,0,0,0,
d0_2_12_a6_6_14H,0,250,true,0,0,0,
d0_2_12_a6_7_13H,0,113,true,0,0,0,
d0_2_12_a6_8_13H,0,250,true,0,0,0,
d0_2_12_a6_9_14H,0,0,true,0,0,0,
d0_2_12_a7_10_10H,0,0,true,0,0,0,
d0_2_12_a7_1_15H,0,0,true,0,0,0,
d0_2_12_a7_2_13H,0,0,true,0,0,0,
d0_2_12_a7_3_12H,0,0,true,0,0,0,
d0_2_12_a7_4_15H,0,0,true,0,0,0,
d0_2_12_a7_5_11H,0,56,true,0,0,0,
d0_2_12_a7_6_12H,0,56,true,0,0,0,
d0_2_12_a7_7_9H,0,0,true,0,0,0,
d0_2_12_a7_9_13H,0,0,true,0,0,0,
d0_2_12_a8_-1_13H,0,0,true,0,0,0,
d0_2_12_a8_1_9H,0,0,true,0,0,0,
d0_2_12_a8_2_14H,0,504,true,0,0,0,
d0_2_12_a8_3_13H,0,0,true,0,0,0,
d0_2_12_a8_4_10H,0,0,true,0,0,0,
d0_2_12_a8_6_10H,0,63,true,0,0,0,
d0_2_12_a8_7_12H,0,0,true,0,0,0,
d0_2_12_a8_8_14H,0,319,true,0,0,0,
d0_2_12_a9_-1_13H,0,0,true,0,0,0,
d0_2_12_a9_1_10H,0,0,true,0,0,0,
d0_2_12_a9_2_10H,0,0,true,0,0,0,
d0_2_12_a9_2_7H,0,0,true,0,0,0,
d0_2_12_a9_4_10H,0,0,true,0,0,0,
d0_2_12_a9_5_8H,0,0,true,0,0,0,
d0_2_12_a9_7_12H,0,0,true,0,0,0,
d0_2_12_a9_8_14H,0,364,true,0,0,0,
d0_2_13_a-1_2_11S,0,0,true,0,0,0,
d0_2_13_a-1_5_11S,0,0,true,0,0,0,
d0_2_13_a-1_6_9S,0,0,true,0,0,0,
d0_2_13_a0_2_14S,0,0,true,0,0,0,
d0_2_13_a0_4_11S,0,0,true,0,0,0,
d0_2_13_a0_5_12S,0,194,true,0,0,0,
d0_2_13_a0_6_8S,0,0,true,0,0,0,
d0_2_13_a10_0_11S,0,252,true,0,0,0,
d0_2_13_a10_2_15S,0,362,true,0,0,0,
d0_2_13_a10_3_8S,0,184,true,0,0,0,
d0_2_13_a10_5_9S,0,0,true,0,0,0,
