center_index,third_center,seed,status,sticky_counts,distance120_pl30,distance1000_pl30,distance10000_pl30,distance120_pl21_pl20
0,"(2, -1)",0,invalid,,,,,
0,"(2, -1)",1,invalid,,,,,
0,"(2, -1)",2,invalid,,,,,
0,"(2, -1)",3,invalid,,,,,
0,"(2, -1)",4,invalid,,,,,
1,"(2, 0)",0,invalid,,,,,
1,"(2, 0)",1,invalid,,,,,
1,"(2, 0)",2,invalid,,,,,
1,"(2, 0)",3,invalid,,,,,
1,"(2, 0)",4,invalid,,,,,
2,"(2, 1)",0,invalid,,,,,
2,"(2, 1)",1,invalid,,,,,
2,"(2, 1)",2,valid,"[18, 23, 24]",1,-1,-1,-1/-1
2,"(2, 1)",3,invalid,,,,,
2,"(2, 1)",4,invalid,,,,,
3,"(2, 2)",0,invalid,,,,,
3,"(2, 2)",1,invalid,,,,,
3,"(2, 2)",2,invalid,,,,,
3,"(2, 2)",3,invalid,,,,,
3,"(2, 2)",4,invalid,,,,,
4,"(2, 3)",0,valid,"[20, 21, 22]",15,-1,-1,-1/-1
4,"(2, 3)",1,invalid,,,,,
4,"(2, 3)",2,invalid,,,,,
4,"(2, 3)",3,invalid,,,,,
4,"(2, 3)",4,invalid,,,,,
5,"(3, -1)",0,valid,"[20, 22, 19]",40,333,3333,0/0
5,"(3, -1)",1,invalid,,,,,
5,"(3, -1)",2,valid,"[18, 20, 22]",13,-1,-1,-1/-1
5,"(3, -1)",3,valid,"[18, 22, 19]",40,138,-1,0/0
5,"(3, -1)",4,valid,"[18, 22, 19]",40,333,3333,0/0
6,"(3, 0)",0,valid,"[20, 21, 20]",1,-1,-1,-1/-1
6,"(3, 0)",1,valid,"[18, 20, 20]",1,-1,-1,-1/-1
6,"(3, 0)",2,valid,"[18, 19, 20]",1,-1,-1,-1/-1
6,"(3, 0)",3,valid,"[18, 21, 20]",1,-1,-1,-1/-1
6,"(3, 0)",4,valid,"[18, 21, 20]",1,-1,-1,-1/-1
7,"(3, 1)",0,invalid,,,,,
7,"(3, 1)",1,valid,"[18, 18, 19]",40,333,3333,0/0
7,"(3, 1)",2,valid,"[18, 18, 21]",40,334,3334,0/0
7,"(3, 1)",3,invalid,,,,,
7,"(3, 1)",4,invalid,,,,,
8,"(3, 2)",0,valid,"[20, 21, 20]",40,333,3333,0/0
8,"(3, 2)",1,valid,"[18, 21, 23]",40,334,3334,0/0
8,"(3, 2)",2,valid,"[18, 21, 23]",40,334,3334,0/0
8,"(3, 2)",3,valid,"[24, 19, 20]",15,-1,-1,-1/-1
8,"(3, 2)",4,valid,"[22, 19, 20]",11,-1,-1,-1/-1
9,"(3, 3)",0,valid,"[20, 18, 21]",40,333,3333,0/0
9,"(3, 3)",1,valid,"[18, 19, 19]",28,-1,-1,-1/-1
9,"(3, 3)",2,valid,"[18, 19, 19]",40,333,3333,0/0
9,"(3, 3)",3,valid,"[22, 17, 21]",15,-1,-1,-1/-1
9,"(3, 3)",4,valid,"[22, 17, 21]",9,-1,-1,-1/-1
10,"(4, -1)",0,valid,"[20, 23, 20]",40,333,3333,0/0
10,"(4, -1)",1,valid,"[18, 21, 20]",40,333,3333,0/0
10,"(4, -1)",2,valid,"[18, 21, 22]",18,-1,-1,-1/-1
10,"(4, -1)",3,valid,"[18, 23, 20]",40,333,3333,0/0
10,"(4, -1)",4,valid,"[18, 23, 20]",40,333,3333,0/0
11,"(4, 0)",0,valid,"[20, 22, 19]",40,333,3333,0/0
11,"(4, 0)",1,valid,"[18, 20, 19]",11,-1,-1,-1/-1
11,"(4, 0)",2,valid,"[18, 20, 19]",40,333,3333,0/0
11,"(4, 0)",3,valid,"[18, 22, 19]",40,333,3333,0/0
11,"(4, 0)",4,valid,"[18, 22, 19]",40,333,3333,0/0
12,"(4, 1)",0,valid,"[20, 21, 20]",40,333,3333,0/0
12,"(4, 1)",1,valid,"[18, 19, 20]",40,333,3333,0/0
12,"(4, 1)",2,valid,"[18, 19, 20]",40,333,3333,0/0
12,"(4, 1)",3,valid,"[18, 21, 20]",40,333,3333,0/0
12,"(4, 1)",4,valid,"[18, 21, 20]",40,333,3333,0/0
13,"(4, 2)",0,valid,"[20, 20, 21]",40,333,3333,0/0
13,"(4, 2)",1,valid,"[18, 18, 19]",40,333,3333,0/0
13,"(4, 2)",2,valid,"[18, 18, 19]",40,333,3333,0/0
13,"(4, 2)",3,valid,"[22, 19, 21]",16,-1,-1,-1/-1
13,"(4, 2)",4,valid,"[18, 18, 21]",18,-1,-1,-1/-1
14,"(4, 3)",0,valid,"[20, 19, 22]",40,333,3333,0/0
14,"(4, 3)",1,valid,"[18, 19, 20]",27,-1,-1,-1/-1
14,"(4, 3)",2,valid,"[18, 19, 20]",40,333,3333,0/0
14,"(4, 3)",3,valid,"[22, 19, 22]",16,-1,-1,-1/-1
14,"(4, 3)",4,valid,"[22, 19, 22]",11,-1,-1,-1/-1
15,"(5, -1)",0,valid,"[20, 24, 19]",40,333,3333,0/0
15,"(5, -1)",1,valid,"[18, 22, 21]",40,333,3333,0/0
15,"(5, -1)",2,valid,"[18, 22, 23]",18,-1,-1,-1/-1
15,"(5, -1)",3,valid,"[18, 24, 19]",40,333,3333,0/0
15,"(5, -1)",4,valid,"[18, 24, 19]",40,133,-1,0/0
16,"(5, 0)",0,valid,"[20, 23, 20]",40,333,3333,0/0
16,"(5, 0)",1,valid,"[18, 21, 20]",40,333,3333,0/0
16,"(5, 0)",2,valid,"[18, 21, 22]",40,333,3333,0/0
16,"(5, 0)",3,valid,"[18, 23, 20]",40,333,3333,0/0
16,"(5, 0)",4,valid,"[18, 23, 20]",27,-1,-1,-1/-1
17,"(5, 1)",0,valid,"[20, 22, 21]",40,333,3333,0/0
17,"(5, 1)",1,valid,"[18, 20, 19]",40,333,3333,0/0
17,"(5, 1)",2,valid,"[18, 20, 19]",40,333,3333,0/0
17,"(5, 1)",3,valid,"[18, 22, 21]",40,333,3333,0/0
17,"(5, 1)",4,valid,"[18, 22, 21]",40,333,3333,0/0
18,"(5, 2)",0,valid,"[20, 21, 22]",40,333,3333,0/0
18,"(5, 2)",1,valid,"[18, 19, 20]",27,-1,-1,-1/-1
18,"(5, 2)",2,valid,"[18, 19, 20]",40,333,3333,0/0
18,"(5, 2)",3,valid,"[22, 21, 22]",10,-1,-1,-1/-1
18,"(5, 2)",4,valid,"[18, 21, 22]",18,-1,-1,-1/-1
19,"(5, 3)",0,valid,"[20, 20, 23]",40,333,3333,0/0
19,"(5, 3)",1,valid,"[18, 18, 21]",25,-1,-1,-1/-1
19,"(5, 3)",2,valid,"[18, 18, 21]",40,333,3333,0/0
19,"(5, 3)",3,valid,"[18, 20, 23]",40,333,3333,0/0
19,"(5, 3)",4,valid,"[22, 20, 23]",12,-1,-1,-1/-1
