from,to,d120_pl23,end_count120,d1000_pl23,end_count1000,d10000_pl23,end_count10000,d120_pl22,end_count22
"(12, 0, 19)","(11, 0, 19)",0,70,-1,-1,-1,-1,-1,-1
"(12, 0, 19)","(12, -1, 19)",0,70,-1,-1,-1,-1,-1,-1
"(12, 0, 19)","(12, 0, 20)",0,70,-1,-1,-1,-1,-1,-1
"(12, 0, 19)","(12, 0, 18)",0,70,-1,-1,-1,-1,-1,-1
"(12, 1, 19)","(13, 1, 19)",0,70,-1,-1,-1,-1,-1,-1
"(12, 1, 19)","(11, 1, 19)",0,70,-1,-1,-1,-1,-1,-1
"(12, 1, 19)","(12, 1, 20)",0,70,-1,-1,-1,-1,-1,-1
"(12, 1, 19)","(12, 1, 18)",0,70,-1,-1,-1,-1,-1,-1
"(12, 2, 19)","(13, 2, 19)",0,70,-1,-1,-1,-1,-1,-1
"(12, 2, 19)","(11, 2, 19)",0,70,-1,-1,-1,-1,-1,-1
"(12, 2, 19)","(12, 3, 19)",0,70,-1,-1,-1,-1,-1,-1
"(12, 2, 19)","(12, 2, 18)",0,70,-1,-1,-1,-1,-1,-1
"(12, 2, 20)","(13, 2, 20)",1,70,-1,-1,-1,-1,-1,-1
"(12, 2, 20)","(11, 2, 20)",0,70,-1,-1,-1,-1,-1,-1
"(12, 2, 20)","(12, 3, 20)",0,70,-1,-1,-1,-1,-1,-1
"(12, 2, 20)","(12, 1, 20)",0,70,-1,-1,-1,-1,-1,-1
"(12, 2, 21)","(11, 2, 21)",0,70,-1,-1,-1,-1,-1,-1
"(12, 2, 21)","(12, 3, 21)",0,70,-1,-1,-1,-1,-1,-1
"(12, 2, 21)","(12, 1, 21)",0,70,-1,-1,-1,-1,-1,-1
"(12, 2, 21)","(12, 2, 22)",0,70,-1,-1,-1,-1,-1,-1
"(13, 0, 15)","(12, 0, 15)",0,70,-1,-1,-1,-1,-1,-1
"(13, 0, 15)","(13, 1, 15)",1,70,-1,-1,-1,-1,-1,-1
"(13, 0, 15)","(13, -1, 15)",1,70,-1,-1,-1,-1,-1,-1
"(13, 0, 15)","(13, 0, 14)",1,70,-1,-1,-1,-1,-1,-1
"(13, 0, 16)","(14, 0, 16)",1,70,-1,-1,-1,-1,-1,-1
"(13, 0, 16)","(12, 0, 16)",0,70,-1,-1,-1,-1,-1,-1
"(13, 0, 16)","(13, 1, 16)",1,70,-1,-1,-1,-1,-1,-1
"(13, 0, 16)","(13, -1, 16)",1,70,-1,-1,-1,-1,-1,-1
"(13, 0, 17)","(14, 0, 17)",0,70,-1,-1,-1,-1,-1,-1
"(13, 0, 17)","(12, 0, 17)",0,70,-1,-1,-1,-1,-1,-1
"(13, 0, 17)","(13, -1, 17)",1,70,-1,-1,-1,-1,-1,-1
"(13, 0, 17)","(13, 0, 18)",0,70,-1,-1,-1,-1,-1,-1
"(13, 0, 19)","(13, 1, 19)",0,70,-1,-1,-1,-1,-1,-1
"(13, 0, 19)","(13, -1, 19)",0,70,-1,-1,-1,-1,-1,-1
"(13, 0, 19)","(13, 0, 20)",0,70,-1,-1,-1,-1,-1,-1
"(13, 0, 19)","(13, 0, 18)",0,70,-1,-1,-1,-1,-1,-1
"(13, 1, 17)","(14, 1, 17)",1,70,-1,-1,-1,-1,-1,-1
"(13, 1, 17)","(12, 1, 17)",0,70,-1,-1,-1,-1,-1,-1
"(13, 1, 17)","(13, 1, 18)",1,70,-1,-1,-1,-1,-1,-1
"(13, 1, 17)","(13, 1, 16)",1,70,-1,-1,-1,-1,-1,-1
"(13, 2, 17)","(12, 2, 17)",0,70,-1,-1,-1,-1,-1,-1
"(13, 2, 17)","(13, 2, 18)",1,70,-1,-1,-1,-1,-1,-1
"(13, 2, 17)","(13, 2, 16)",1,70,-1,-1,-1,-1,-1,-1
"(13, 2, 21)","(13, 3, 21)",1,70,-1,-1,-1,-1,-1,-1
"(13, 2, 21)","(13, 1, 21)",1,70,-1,-1,-1,-1,-1,-1
"(13, 2, 21)","(13, 2, 22)",1,70,-1,-1,-1,-1,-1,-1
"(13, 2, 21)","(13, 2, 20)",1,70,-1,-1,-1,-1,-1,-1
"(13, 3, 16)","(14, 3, 16)",1,70,-1,-1,-1,-1,-1,-1
"(13, 3, 16)","(12, 3, 16)",0,70,-1,-1,-1,-1,-1,-1
"(13, 3, 16)","(13, 2, 16)",1,70,-1,-1,-1,-1,-1,-1
"(13, 3, 16)","(13, 3, 15)",1,70,-1,-1,-1,-1,-1,-1
"(13, 3, 17)","(14, 3, 17)",1,70,-1,-1,-1,-1,-1,-1
"(13, 3, 17)","(12, 3, 17)",0,70,-1,-1,-1,-1,-1,-1
"(13, 3, 17)","(13, 4, 17)",1,70,-1,-1,-1,-1,-1,-1
"(13, 3, 18)","(12, 3, 18)",0,70,-1,-1,-1,-1,-1,-1
"(13, 3, 18)","(13, 4, 18)",1,70,-1,-1,-1,-1,-1,-1
"(13, 3, 18)","(13, 2, 18)",1,70,-1,-1,-1,-1,-1,-1
"(13, 3, 18)","(13, 3, 19)",1,70,-1,-1,-1,-1,-1,-1
"(13, 4, 16)","(14, 4, 16)",2,70,-1,-1,-1,-1,-1,-1
"(13, 4, 16)","(12, 4, 16)",0,70,-1,-1,-1,-1,-1,-1
"(13, 4, 16)","(13, 4, 17)",1,70,-1,-1,-1,-1,-1,-1
"(13, 4, 16)","(13, 4, 15)",1,70,-1,-1,-1,-1,-1,-1
"(13, 5, 16)","(12, 5, 16)",0,70,-1,-1,-1,-1,-1,-1
"(13, 5, 16)","(13, 6, 16)",1,70,-1,-1,-1,-1,-1,-1
"(13, 5, 16)","(13, 5, 17)",1,70,-1,-1,-1,-1,-1,-1
"(13, 5, 16)","(13, 5, 15)",1,70,-1,-1,-1,-1,-1,-1
"(14, 0, 15)","(14, 1, 15)",2,70,-1,-1,-1,-1,-1,-1
"(14, 0, 15)","(14, -1, 15)",2,70,-1,-1,-1,-1,-1,-1
"(14, 0, 15)","(14, 0, 16)",2,70,-1,-1,-1,-1,-1,-1
"(14, 0, 15)","(14, 0, 14)",2,70,-1,-1,-1,-1,-1,-1
"(14, 0, 18)","(13, 0, 18)",0,70,-1,-1,-1,-1,-1,-1
"(14, 0, 18)","(14, 1, 18)",0,70,-1,-1,-1,-1,-1,-1
"(14, 0, 18)","(14, -1, 18)",0,70,-1,-1,-1,-1,-1,-1
"(14, 0, 18)","(14, 0, 17)",0,70,-1,-1,-1,-1,-1,-1
"(14, 0, 19)","(15, 0, 19)",0,70,-1,-1,-1,-1,-1,-1
"(14, 0, 19)","(14, -1, 19)",0,70,-1,-1,-1,-1,-1,-1
"(14, 0, 19)","(14, 0, 20)",0,70,-1,-1,-1,-1,-1,-1
"(14, 2, 17)","(14, 3, 17)",1,70,-1,-1,-1,-1,-1,-1
"(14, 2, 17)","(14, 1, 17)",1,70,-1,-1,-1,-1,-1,-1
"(14, 2, 17)","(14, 2, 18)",1,70,-1,-1,-1,-1,-1,-1
"(14, 2, 17)","(14, 2, 16)",1,70,-1,-1,-1,-1,-1,-1
"(14, 2, 21)","(15, 2, 21)",1,70,-1,-1,-1,-1,-1,-1
"(14, 2, 21)","(14, 3, 21)",1,70,-1,-1,-1,-1,-1,-1
"(14, 2, 21)","(14, 1, 21)",1,70,-1,-1,-1,-1,-1,-1
"(14, 2, 21)","(14, 2, 22)",1,70,-1,-1,-1,-1,-1,-1
"(14, 2, 21)","(14, 2, 20)",1,70,-1,-1,-1,-1,-1,-1
"(14, 3, 18)","(14, 4, 18)",1,70,-1,-1,-1,-1,-1,-1
"(14, 3, 18)","(14, 2, 18)",1,70,-1,-1,-1,-1,-1,-1
"(14, 3, 18)","(14, 3, 19)",1,70,-1,-1,-1,-1,-1,-1
"(14, 3, 18)","(14, 3, 17)",1,70,-1,-1,-1,-1,-1,-1
"(14, 5, 16)","(14, 6, 16)",3,70,-1,-1,-1,-1,-1,-1
"(14, 5, 16)","(14, 4, 16)",3,70,-1,-1,-1,-1,-1,-1
"(14, 5, 16)","(14, 5, 17)",3,70,-1,-1,-1,-1,-1,-1
"(14, 5, 16)","(14, 5, 15)",3,70,-1,-1,-1,-1,-1,-1
"(15, 0, 15)","(16, 0, 15)",0,70,-1,-1,-1,-1,-1,-1
"(15, 0, 15)","(15, -1, 15)",2,70,-1,-1,-1,-1,-1,-1
"(15, 0, 15)","(15, 0, 14)",2,70,-1,-1,-1,-1,-1,-1
"(15, 0, 18)","(15, 1, 18)",0,70,-1,-1,-1,-1,-1,-1
"(15, 0, 18)","(15, -1, 18)",0,70,-1,-1,-1,-1,-1,-1
"(15, 0, 18)","(15, 0, 19)",0,70,-1,-1,-1,-1,-1,-1
"(15, 0, 18)","(15, 0, 17)",0,70,-1,-1,-1,-1,-1,-1
"(15, 2, 17)","(16, 2, 17)",0,70,-1,-1,-1,-1,-1,-1
"(15, 2, 18)","(14, 2, 18)",1,70,-1,-1,-1,-1,-1,-1
"(15, 2, 18)","(15, 1, 18)",0,70,-1,-1,-1,-1,-1,-1
"(15, 2, 18)","(15, 2, 19)",1,70,-1,-1,-1,-1,-1,-1
"(15, 3, 18)","(16, 3, 18)",1,70,-1,-1,-1,-1,-1,-1
"(15, 3, 19)","(14, 3, 19)",1,70,-1,-1,-1,-1,-1,-1
"(15, 3, 19)","(15, 4, 19)",1,70,-1,-1,-1,-1,-1,-1
"(15, 3, 19)","(15, 2, 19)",1,70,-1,-1,-1,-1,-1,-1
"(15, 3, 19)","(15, 3, 20)",1,70,-1,-1,-1,-1,-1,-1
"(15, 5, 16)","(16, 5, 16)",3,70,-1,-1,-1,-1,-1,-1
"(15, 5, 16)","(15, 6, 16)",3,70,-1,-1,-1,-1,-1,-1
"(15, 5, 16)","(15, 4, 16)",3,70,-1,-1,-1,-1,-1,-1
"(15, 5, 16)","(15, 5, 15)",3,70,-1,-1,-1,-1,-1,-1
"(16, 0, 16)","(17, 0, 16)",1,70,-1,-1,-1,-1,-1,-1
"(16, 0, 16)","(16, -1, 16)",1,70,-1,-1,-1,-1,-1,-1
"(16, 0, 16)","(16, 0, 15)",0,71,-1,-1,-1,-1,-1,-1
"(16, 0, 17)","(17, 0, 17)",0,70,-1,-1,-1,-1,-1,-1
"(16, 0, 17)","(15, 0, 17)",0,70,-1,-1,-1,-1,-1,-1
"(16, 0, 17)","(16, -1, 17)",0,70,-1,-1,-1,-1,-1,-1
"(16, 0, 18)","(17, 0, 18)",0,70,-1,-1,-1,-1,-1,-1
"(16, 0, 18)","(16, 1, 18)",0,70,-1,-1,-1,-1,-1,-1
"(16, 0, 18)","(16, -1, 18)",0,70,-1,-1,-1,-1,-1,-1
"(16, 0, 18)","(16, 0, 19)",0,70,-1,-1,-1,-1,-1,-1
"(16, 1, 15)","(17, 1, 15)",1,70,-1,-1,-1,-1,-1,-1
"(16, 1, 15)","(16, 2, 15)",1,70,-1,-1,-1,-1,-1,-1
"(16, 1, 15)","(16, 0, 15)",0,71,-1,-1,-1,-1,-1,-1
"(16, 1, 15)","(16, 1, 14)",1,70,-1,-1,-1,-1,-1,-1
"(16, 1, 16)","(17, 1, 16)",1,73,-1,-1,-1,-1,-1,-1
"(16, 1, 17)","(17, 1, 17)",1,70,-1,-1,-1,-1,-1,-1
"(16, 1, 17)","(16, 2, 17)",0,71,-1,-1,-1,-1,-1,-1
"(16, 1, 17)","(16, 1, 18)",0,71,-1,-1,-1,-1,-1,-1
"(16, 2, 16)","(17, 2, 16)",1,70,-1,-1,-1,-1,-1,-1
"(16, 2, 16)","(16, 3, 16)",1,70,-1,-1,-1,-1,-1,-1
"(16, 2, 16)","(16, 2, 17)",0,71,-1,-1,-1,-1,-1,-1
"(16, 2, 16)","(16, 2, 15)",1,70,-1,-1,-1,-1,-1,-1
"(16, 2, 18)","(16, 3, 18)",1,70,-1,-1,-1,-1,-1,-1
"(16, 2, 18)","(16, 1, 18)",0,70,-1,-1,-1,-1,-1,-1
"(16, 2, 18)","(16, 2, 19)",1,70,-1,-1,-1,-1,-1,-1
"(16, 2, 18)","(16, 2, 17)",0,70,-1,-1,-1,-1,-1,-1
"(16, 3, 19)","(16, 4, 19)",1,70,-1,-1,-1,-1,-1,-1
"(16, 3, 19)","(16, 2, 19)",1,70,-1,-1,-1,-1,-1,-1
"(16, 3, 19)","(16, 3, 20)",1,70,-1,-1,-1,-1,-1,-1
"(16, 3, 19)","(16, 3, 18)",1,70,-1,-1,-1,-1,-1,-1
"(17, 0, 20)","(18, 0, 20)",1,70,-1,-1,-1,-1,-1,-1
"(17, 0, 20)","(17, -1, 20)",1,70,-1,-1,-1,-1,-1,-1
"(17, 0, 20)","(17, 0, 21)",1,70,-1,-1,-1,-1,-1,-1
"(17, 0, 20)","(17, 0, 19)",1,70,-1,-1,-1,-1,-1,-1
"(17, 1, 19)","(18, 1, 19)",1,70,-1,-1,-1,-1,-1,-1
"(17, 1, 19)","(16, 1, 19)",1,70,-1,-1,-1,-1,-1,-1
"(17, 1, 19)","(17, 2, 19)",1,70,-1,-1,-1,-1,-1,-1
"(17, 1, 19)","(17, 0, 19)",1,70,-1,-1,-1,-1,-1,-1
"(17, 1, 19)","(17, 1, 18)",1,70,-1,-1,-1,-1,-1,-1
"(17, 1, 20)","(18, 1, 20)",1,74,-1,-1,-1,-1,-1,-1
"(17, 1, 21)","(18, 1, 21)",1,70,-1,-1,-1,-1,-1,-1
"(17, 1, 21)","(17, 2, 21)",1,70,-1,-1,-1,-1,-1,-1
"(17, 1, 21)","(17, 0, 21)",1,70,-1,-1,-1,-1,-1,-1
"(17, 1, 21)","(17, 1, 22)",1,70,-1,-1,-1,-1,-1,-1
"(17, 2, 18)","(17, 3, 18)",1,70,-1,-1,-1,-1,-1,-1
"(17, 2, 18)","(17, 1, 18)",1,70,-1,-1,-1,-1,-1,-1
"(17, 2, 18)","(17, 2, 19)",1,70,-1,-1,-1,-1,-1,-1
"(17, 2, 18)","(17, 2, 17)",1,70,-1,-1,-1,-1,-1,-1
"(17, 2, 20)","(18, 2, 20)",1,70,-1,-1,-1,-1,-1,-1
"(17, 2, 20)","(17, 2, 21)",1,70,-1,-1,-1,-1,-1,-1
"(17, 2, 20)","(17, 2, 19)",1,70,-1,-1,-1,-1,-1,-1
"(17, 3, 19)","(18, 3, 19)",1,70,-1,-1,-1,-1,-1,-1
"(17, 3, 19)","(17, 4, 19)",1,70,-1,-1,-1,-1,-1,-1
"(17, 3, 19)","(17, 2, 19)",1,70,-1,-1,-1,-1,-1,-1
"(17, 3, 19)","(17, 3, 18)",1,70,-1,-1,-1,-1,-1,-1
"(17, 3, 20)","(18, 3, 20)",1,70,-1,-1,-1,-1,-1,-1
"(17, 3, 20)","(16, 3, 20)",1,70,-1,-1,-1,-1,-1,-1
"(17, 3, 20)","(17, 4, 20)",1,70,-1,-1,-1,-1,-1,-1
"(17, 3, 20)","(17, 3, 21)",1,70,-1,-1,-1,-1,-1,-1
"(18, 2, 18)","(19, 2, 18)",1,70,-1,-1,-1,-1,-1,-1
"(18, 2, 18)","(18, 1, 18)",1,70,-1,-1,-1,-1,-1,-1
"(18, 2, 18)","(18, 2, 19)",1,70,-1,-1,-1,-1,-1,-1
"(18, 2, 18)","(18, 2, 17)",1,70,-1,-1,-1,-1,-1,-1
"(18, 3, 17)","(19, 3, 17)",3,70,-1,-1,-1,-1,-1,-1
"(18, 3, 17)","(17, 3, 17)",1,70,-1,-1,-1,-1,-1,-1
"(18, 3, 17)","(18, 2, 17)",1,71,-1,-1,-1,-1,-1,-1
"(18, 3, 17)","(18, 3, 16)",1,71,-1,-1,-1,-1,-1,-1
"(18, 3, 18)","(19, 3, 18)",1,70,-1,-1,-1,-1,-1,-1
"(18, 3, 18)","(17, 3, 18)",1,70,-1,-1,-1,-1,-1,-1
"(18, 3, 18)","(18, 3, 19)",1,70,-1,-1,-1,-1,-1,-1
"(18, 4, 16)","(19, 4, 16)",3,70,-1,-1,-1,-1,-1,-1
"(18, 4, 16)","(18, 5, 16)",3,70,-1,-1,-1,-1,-1,-1
"(18, 4, 16)","(18, 3, 16)",1,71,-1,-1,-1,-1,-1,-1
"(18, 4, 16)","(18, 4, 15)",4,70,-1,-1,-1,-1,-1,-1
"(18, 4, 17)","(19, 4, 17)",2,73,-1,-1,-1,-1,-1,-1
"(18, 4, 18)","(19, 4, 18)",3,70,-1,-1,-1,-1,-1,-1
"(18, 4, 18)","(17, 4, 18)",1,70,-1,-1,-1,-1,-1,-1
"(18, 4, 18)","(18, 5, 18)",3,70,-1,-1,-1,-1,-1,-1
"(18, 4, 18)","(18, 4, 19)",4,70,-1,-1,-1,-1,-1,-1
"(18, 5, 17)","(19, 5, 17)",3,70,-1,-1,-1,-1,-1,-1
"(18, 5, 17)","(17, 5, 17)",1,70,-1,-1,-1,-1,-1,-1
"(18, 5, 17)","(18, 6, 17)",4,70,-1,-1,-1,-1,-1,-1
"(18, 5, 17)","(18, 5, 18)",3,70,-1,-1,-1,-1,-1,-1
"(18, 5, 17)","(18, 5, 16)",3,70,-1,-1,-1,-1,-1,-1
