tick,x,y,z,cell
0,14,3,15,2
0,14,4,14,135
0,15,4,14,1
0,14,4,15,9
0,15,4,15,1
0,14,21,15,1
0,15,21,15,1
0,14,22,15,1
0,15,22,15,9
0,14,23,15,1
0,15,23,15,1
0,14,0,26,1
0,15,0,26,1
0,14,1,26,1
0,15,1,26,327
0,15,2,16,2
0,13,2,25,1
0,13,2,26,1
0,14,2,26,1
0,15,2,26,5
0,13,2,27,1
0,14,3,16,9
0,15,3,16,1
0,14,3,17,2
0,12,3,25,1
0,13,3,25,1
0,14,3,26,2057
0,15,3,26,10
0,13,3,27,1
0,14,4,16,1
0,15,4,16,1
0,14,4,17,9
0,15,4,17,1
0,14,4,18,6
0,15,4,18,1
0,15,4,24,391
0,12,4,25,1
0,13,4,25,9
0,15,4,26,2
0,13,4,27,9
0,15,4,28,6
0,14,5,16,9
0,15,5,16,1
0,12,5,25,1
0,13,5,26,9
0,14,6,16,2
0,15,6,16,2
0,12,6,25,1
0,13,6,25,1
0,13,6,26,1
0,14,6,26,1
0,15,6,26,5
0,14,7,26,1
0,15,7,26,104
0,15,8,21,1
0,15,8,22,1
0,15,8,23,1
0,15,8,24,1
0,15,8,25,1
0,14,8,26,1
0,15,8,26,1
0,15,9,21,1
0,15,10,21,1
0,15,11,21,327
0,13,12,19,2
0,12,12,20,2
0,13,12,20,2
0,12,12,21,2
0,14,12,21,2057
0,15,12,21,10
0,12,12,22,2
0,12,12,23,2
0,13,12,23,2
0,14,13,17,2
0,15,13,17,2
0,14,13,18,2
0,15,13,18,136
0,13,13,19,2
0,14,13,19,2
0,15,13,19,5
0,15,13,20,9
0,15,13,21,1
0,15,13,22,9
0,13,13,23,2
0,14,13,23,2
0,15,13,23,5
0,14,13,24,2
0,15,13,24,167
0,14,13,25,2
0,15,13,25,2
0,15,14,17,2
0,13,14,19,2
0,13,14,20,2
0,13,14,21,9
0,15,15,17,2
0,15,15,21,6
0,15,16,17,2
0,15,17,17,2
0,15,18,17,2
0,14,18,26,2
0,15,19,17,2
0,14,19,26,327
0,15,20,16,71
0,15,20,17,2
0,12,20,26,2
0,13,20,26,2
0,14,20,26,5
0,15,21,16,9
0,13,21,26,2057
0,14,21,26,10
0,15,21,26,1
0,14,22,16,1
0,15,22,16,2
0,14,22,17,1
0,15,22,17,9
0,14,22,18,1
0,15,22,18,1
0,15,22,22,1
0,15,22,23,1
0,14,22,24,391
0,15,22,24,1
0,12,22,25,9
0,15,22,25,1
0,14,22,26,1
0,15,22,26,1
0,12,22,27,9
0,15,22,27,1
0,14,22,28,6
0,15,22,28,1
0,15,23,16,9
0,12,23,25,2
0,12,23,26,9
0,15,23,26,1
0,12,23,27,2
0,15,24,16,6
0,12,24,26,2
0,13,24,26,2
0,14,24,26,5
0,14,25,26,104
0,14,26,26,2
0,15,27,21,1
0,15,28,21,71
0,14,29,21,1
0,15,29,21,5
0,15,30,20,2
0,15,30,21,9
0,13,30,22,1
0,15,31,19,391
0,14,31,20,2057
0,15,31,20,10
0,13,31,21,1
0,13,31,22,9
0,15,31,23,6
0,15,32,20,2
0,15,32,21,9
0,14,33,21,1
0,15,33,21,5
0,15,34,21,104
0,15,35,21,1
0,16,21,14,1
0,16,21,15,1
0,16,22,12,1
0,17,22,12,1
0,16,22,13,1
0,17,22,13,136
0,16,22,14,1
0,17,22,14,5
0,16,22,15,2
0,16,0,16,2
0,16,1,16,327
0,16,2,16,5
0,16,3,26,2
0,16,4,24,2
0,16,4,25,2
0,16,4,26,2
0,16,4,27,2
0,16,4,28,2
0,16,5,26,2
0,16,6,16,5
0,16,7,16,104
0,16,8,16,2
0,16,10,21,1
0,16,11,21,1
0,16,12,21,1
0,16,13,20,1
0,16,13,21,1
0,16,13,22,1
0,16,14,21,1
0,16,15,21,1
0,16,20,16,2
0,16,20,17,2
0,16,21,16,2
0,16,22,16,2
0,16,22,17,2
0,16,22,18,1
0,17,22,18,5
0,16,22,19,1
0,17,22,19,423
0,16,22,20,1
0,17,22,20,1
0,17,22,21,1
0,16,22,22,1
0,17,22,22,1
0,16,23,16,2
0,16,24,16,2
0,16,30,21,2
0,16,31,19,2
0,16,31,20,2
0,16,31,21,2
0,16,31,22,2
0,16,31,23,2
0,16,32,21,2
2,14,3,15,2
2,15,4,14,391
2,15,4,15,9
2,14,21,15,1
2,15,21,15,1
2,14,22,15,1
2,14,23,15,1
2,15,23,15,1
2,15,0,26,1
2,15,1,26,1
2,15,2,16,2
2,14,2,25,1
2,14,2,26,1
2,15,2,26,1
2,14,2,27,1
2,15,3,16,9
2,14,3,17,2
2,13,3,25,1
2,14,3,25,1
2,14,3,26,9
2,14,3,27,1
2,15,4,16,1
2,14,4,17,2057
2,15,4,17,10
2,15,4,18,6
2,15,4,24,135
2,13,4,25,1
2,14,4,25,9
2,15,4,26,2
2,14,4,27,9
2,15,4,28,6
2,15,5,16,9
2,13,5,25,1
2,14,5,26,9
2,14,6,16,2
2,15,6,16,2
2,13,6,25,1
2,14,6,25,1
2,14,6,26,1
2,15,6,26,1
2,15,7,26,1
2,15,8,26,1
2,14,12,19,2
2,13,12,20,2
2,14,12,20,2
2,13,12,21,2
2,14,12,21,9
2,13,12,22,2
2,13,12,23,2
2,14,12,23,2
2,15,13,17,2
2,15,13,18,2
2,14,13,19,2
2,15,13,19,2
2,15,13,20,2057
2,14,13,23,2
2,15,13,23,2
2,15,13,24,2
2,15,13,25,2
2,14,14,19,2
2,14,14,20,2
2,14,14,21,9
2,14,18,26,2
2,14,19,26,71
2,12,20,26,2
2,13,20,26,2
2,14,20,26,5
2,13,21,26,9
2,15,21,26,1
2,14,22,16,1
2,14,22,17,1
2,14,22,18,1
2,15,22,18,1
2,15,22,22,1
2,15,22,23,1
2,14,22,24,135
2,15,22,24,1
2,12,22,25,9
2,15,22,25,1
2,14,22,26,1
2,15,22,26,1
2,12,22,27,9
2,15,22,27,1
2,14,22,28,6
2,15,22,28,1
2,15,23,16,2057
2,12,23,25,2
2,12,23,26,9
2,15,23,26,1
2,12,23,27,2
2,12,24,26,2
2,13,24,26,2
2,14,24,26,5
2,14,25,26,104
2,14,26,26,2
2,15,27,21,1
2,15,28,21,71
2,14,29,21,1
2,15,29,21,5
2,15,30,20,2
2,13,30,22,1
2,14,31,20,9
2,13,31,21,1
2,13,31,22,9
2,15,32,20,2
2,15,32,21,2057
2,14,33,21,1
2,15,33,21,5
2,15,34,21,104
2,15,35,21,1
2,16,4,14,1
2,16,4,15,1
2,16,21,14,1
2,16,21,15,1
2,16,22,12,1
2,17,22,12,1
2,16,22,13,1
2,17,22,13,136
2,16,22,14,1
2,17,22,14,5
2,16,22,15,9
2,17,22,15,2
2,16,0,16,2
2,16,0,26,1
2,16,1,16,71
2,16,1,26,327
2,16,2,16,5
2,16,2,26,5
2,16,3,16,1
2,16,3,26,2
2,16,4,16,1
2,16,4,17,1
2,16,4,18,1
2,16,4,24,2
2,16,4,25,2
2,16,4,26,2
2,16,4,27,2
2,16,4,28,2
2,16,5,16,1
2,16,5,26,2
2,16,6,16,5
2,16,6,26,5
2,16,7,16,104
2,16,7,26,104
2,16,8,16,2
2,16,8,21,1
2,16,8,22,1
2,16,8,23,1
2,16,8,24,1
2,16,8,25,1
2,16,8,26,1
2,16,9,21,1
2,16,10,21,1
2,17,10,21,1
2,16,11,21,327
2,17,11,21,1
2,17,12,21,1
2,16,13,17,2
2,16,13,18,136
2,16,13,19,5
2,16,13,20,10
2,17,13,20,1
2,16,13,21,1
2,17,13,21,1
2,16,13,22,9
2,17,13,22,1
2,16,13,23,5
2,16,13,24,423
2,16,13,25,2
2,16,14,17,2
2,17,14,21,1
2,16,15,17,2
2,16,15,21,6
2,17,15,21,1
2,16,16,17,2
2,16,17,17,2
2,16,18,17,2
2,16,19,17,2
2,16,20,16,327
2,17,20,16,2
2,16,20,17,2
2,17,20,17,2
2,16,21,16,9
2,17,21,16,2
2,16,22,16,2
2,17,22,16,2
2,16,22,17,9
2,17,22,17,2
2,16,22,18,1
2,17,22,18,5
2,16,22,19,1
2,17,22,19,167
2,16,22,20,1
2,17,22,20,1
2,17,22,21,1
2,16,22,22,1
2,17,22,22,1
2,16,23,16,10
2,17,23,16,2
2,16,24,16,6
2,17,24,16,2
2,16,30,21,9
2,17,30,21,2
2,16,31,19,391
2,17,31,19,2
2,17,31,20,2
2,17,31,21,2
2,17,31,22,2
2,16,31,23,6
2,17,31,23,2
2,16,32,21,10
2,17,32,21,2
4,14,3,15,2
4,15,4,15,2057
4,14,21,15,1
4,15,21,15,1
4,14,22,15,1
4,14,23,15,1
4,15,23,15,1
4,15,2,16,2
4,15,2,25,1
4,15,2,26,1
4,15,2,27,1
4,14,3,17,2
4,14,3,25,1
4,15,3,25,1
4,15,3,26,9
4,15,3,27,1
4,14,4,17,9
4,15,4,24,135
4,14,4,25,1
4,15,4,25,9
4,15,4,26,2
4,15,4,27,9
4,15,4,28,6
4,14,5,25,1
4,15,5,26,9
4,14,6,16,2
4,15,6,16,2
4,14,6,25,1
4,15,6,25,1
4,15,6,26,1
4,15,12,19,2
4,14,12,20,2
4,15,12,20,2
4,14,12,21,2
4,15,12,21,9
4,14,12,22,2
4,14,12,23,2
4,15,12,23,2
4,15,13,19,2
4,15,13,20,9
4,15,13,23,2
4,15,14,19,2
4,15,14,20,2
4,15,14,21,9
4,14,18,26,2
4,14,19,26,71
4,12,20,26,2
4,13,20,26,2
4,14,20,26,5
4,13,21,26,9
4,15,21,26,1
4,14,22,16,1
4,14,22,17,1
4,14,22,18,1
4,15,22,18,1
4,15,22,22,1
4,15,22,23,1
4,14,22,24,135
4,15,22,24,1
4,12,22,25,9
4,15,22,25,1
4,14,22,26,1
4,15,22,26,1
4,12,22,27,9
4,15,22,27,1
4,14,22,28,6
4,15,22,28,1
4,15,23,16,9
4,12,23,25,2
4,12,23,26,9
4,15,23,26,1
4,12,23,27,2
4,12,24,26,2
4,13,24,26,2
4,14,24,26,5
4,14,25,26,104
4,14,26,26,2
4,15,27,21,1
4,15,28,21,71
4,14,29,21,1
4,15,29,21,5
4,15,30,20,2
4,13,30,22,1
4,14,31,20,9
4,13,31,21,1
4,13,31,22,9
4,15,32,20,2
4,15,32,21,2057
4,14,33,21,1
4,15,33,21,5
4,15,34,21,104
4,15,35,21,1
4,16,4,14,391
4,17,4,14,1
4,16,4,15,10
4,17,4,15,1
4,16,21,14,1
4,16,21,15,1
4,16,22,12,1
4,17,22,12,1
4,16,22,13,1
4,17,22,13,136
4,16,22,14,1
4,17,22,14,5
4,17,22,15,9
4,18,22,15,2
4,16,0,16,2
4,16,0,26,1
4,17,0,26,1
4,16,1,16,71
4,16,1,26,1
4,17,1,26,327
4,16,2,16,5
4,16,2,26,1
4,17,2,26,5
4,16,3,16,9
4,17,3,16,1
4,16,3,26,2
4,16,4,16,1
4,17,4,16,1
4,17,4,17,1
4,16,4,18,6
4,17,4,18,1
4,16,4,24,2
4,16,4,25,2
4,16,4,26,2
4,16,4,27,2
4,16,4,28,2
4,16,5,16,9
4,17,5,16,1
4,16,5,26,2
4,16,6,16,5
4,16,6,26,1
4,17,6,26,5
4,16,7,16,104
4,16,7,26,1
4,17,7,26,104
4,16,8,16,2
4,17,8,21,1
4,17,8,22,1
4,17,8,23,1
4,17,8,24,1
4,17,8,25,1
4,16,8,26,1
4,17,8,26,1
4,17,9,21,1
4,17,10,21,1
4,18,10,21,1
4,17,11,21,327
4,18,11,21,1
4,18,12,21,1
4,16,13,17,2
4,17,13,17,2
4,16,13,18,2
4,17,13,18,136
4,16,13,19,2
4,17,13,19,5
4,18,13,20,1
4,17,13,21,1
4,18,13,21,1
4,16,13,22,2057
4,17,13,22,10
4,18,13,22,1
4,16,13,23,2
4,17,13,23,5
4,16,13,24,2
4,17,13,24,423
4,16,13,25,2
4,17,13,25,2
4,17,14,17,2
4,18,14,21,1
4,17,15,17,2
4,17,15,21,6
4,18,15,21,1
4,17,16,17,2
4,17,17,17,2
4,17,18,17,2
4,17,19,17,2
4,17,20,16,327
4,18,20,16,2
4,17,20,17,2
4,18,20,17,2
4,16,21,16,2057
4,17,21,16,10
4,18,21,16,2
4,17,22,16,2
4,18,22,16,2
4,17,22,17,9
4,18,22,17,2
4,16,22,18,1
4,17,22,18,5
4,16,22,19,1
4,17,22,19,167
4,16,22,20,1
4,17,22,20,1
4,17,22,21,1
4,16,22,22,1
4,17,22,22,1
4,18,23,16,2
4,17,24,16,6
4,18,24,16,2
4,16,30,21,9
4,17,30,21,2
4,16,31,19,135
4,17,31,19,2
4,17,31,20,2
4,17,31,21,2
4,17,31,22,2
4,16,31,23,6
4,17,31,23,2
4,16,32,21,10
4,17,32,21,2
6,14,3,15,2
6,15,4,15,9
6,14,21,15,1
6,15,21,15,1
6,14,22,15,1
6,14,23,15,1
6,15,23,15,1
6,15,2,16,2
6,15,2,25,1
6,15,2,26,1
6,15,2,27,1
6,14,3,17,2
6,14,3,25,1
6,15,3,25,1
6,15,3,27,1
6,14,4,17,9
6,14,4,25,1
6,15,4,27,2057
6,14,5,25,1
6,14,6,16,2
6,15,6,16,2
6,14,6,25,1
6,15,6,25,1
6,15,6,26,1
6,15,12,20,2
6,15,12,21,2
6,15,12,22,2
6,15,12,23,2
6,14,18,26,2
6,14,19,26,71
6,12,20,26,2
6,13,20,26,2
6,14,20,26,5
6,13,21,26,9
6,15,21,26,1
6,14,22,16,1
6,14,22,17,1
6,14,22,18,1
6,15,22,18,1
6,15,22,22,1
6,15,22,23,1
6,14,22,24,135
6,15,22,24,1
6,12,22,25,9
6,15,22,25,1
6,14,22,26,1
6,15,22,26,1
6,12,22,27,9
6,15,22,27,1
6,14,22,28,6
6,15,22,28,1
6,15,23,16,9
6,12,23,25,2
6,12,23,26,9
6,15,23,26,1
6,12,23,27,2
6,12,24,26,2
6,13,24,26,2
6,14,24,26,5
6,14,25,26,104
6,14,26,26,2
6,15,27,21,1
6,15,28,21,71
6,14,29,21,1
6,15,29,21,5
6,15,30,20,2
6,13,30,22,1
6,14,31,20,9
6,13,31,21,1
6,13,31,22,9
6,15,32,20,2
6,15,32,21,2057
6,14,33,21,1
6,15,33,21,5
6,15,34,21,104
6,15,35,21,1
6,17,4,14,391
6,18,4,14,1
6,18,4,15,1
6,16,21,14,1
6,16,21,15,1
6,16,22,12,1
6,17,22,12,1
6,16,22,13,1
6,17,22,13,136
6,16,22,14,1
6,17,22,14,5
6,17,22,15,2057
6,18,22,15,10
6,19,22,15,2
6,16,0,16,2
6,16,0,26,1
6,17,0,26,1
6,16,1,16,71
6,16,1,26,1
6,17,1,26,71
6,16,2,16,5
6,16,2,26,1
6,17,2,26,5
6,17,3,16,9
6,18,3,16,1
6,16,3,26,9
6,17,3,26,2
6,17,4,16,1
6,18,4,16,1
6,18,4,17,1
6,17,4,18,6
6,18,4,18,1
6,16,4,24,391
6,17,4,24,2
6,16,4,25,9
6,17,4,25,2
6,16,4,26,2
6,17,4,26,2
6,16,4,27,10
6,17,4,27,2
6,16,4,28,6
6,17,4,28,2
6,16,5,16,2057
6,17,5,16,10
6,18,5,16,1
6,16,5,26,9
6,17,5,26,2
6,16,6,16,5
6,16,6,26,1
6,17,6,26,5
6,16,7,16,104
6,16,7,26,1
6,17,7,26,104
6,16,8,16,2
6,17,8,21,1
6,17,8,22,1
6,17,8,23,1
6,17,8,24,1
6,17,8,25,1
6,16,8,26,1
6,17,8,26,1
6,17,9,21,1
6,17,10,21,1
6,18,10,21,1
6,17,11,21,71
6,18,11,21,1
6,16,12,19,2
6,16,12,20,2
6,16,12,21,9
6,18,12,21,1
6,16,12,23,2
6,17,13,17,2
6,18,13,17,2
6,17,13,18,2
6,18,13,18,136
6,16,13,19,2
6,17,13,19,2
6,18,13,19,5
6,16,13,20,9
6,18,13,20,1
6,17,13,21,1
6,18,13,21,1
6,16,13,22,9
6,18,13,22,1
6,16,13,23,2
6,17,13,23,2
6,18,13,23,5
6,17,13,24,2
6,18,13,24,423
6,17,13,25,2
6,18,13,25,2
6,18,14,17,2
6,16,14,19,2
6,16,14,20,2
6,16,14,21,9
6,18,14,21,1
6,18,15,17,2
6,17,15,21,6
6,18,15,21,1
6,18,16,17,2
6,18,17,17,2
6,18,18,17,2
6,18,19,17,2
6,18,20,16,327
6,19,20,16,2
6,18,20,17,2
6,19,20,17,2
6,16,21,16,9
6,19,21,16,2
6,18,22,16,2
6,19,22,16,2
6,18,22,17,9
6,19,22,17,2
6,16,22,18,1
6,17,22,18,5
6,16,22,19,1
6,17,22,19,167
6,16,22,20,1
6,17,22,20,1
6,17,22,21,1
6,16,22,22,1
6,17,22,22,1
6,19,23,16,2
6,18,24,16,6
6,19,24,16,2
6,16,30,21,9
6,17,30,21,2
6,16,31,19,135
6,17,31,19,2
6,17,31,20,2
6,17,31,21,2
6,17,31,22,2
6,16,31,23,6
6,17,31,23,2
6,16,32,21,10
6,17,32,21,2
8,14,3,15,2
8,15,4,15,9
8,14,21,15,1
8,15,21,15,1
8,14,22,15,1
8,14,23,15,1
8,15,23,15,1
8,15,2,16,2
8,15,2,25,1
8,15,2,26,1
8,15,2,27,1
8,14,3,17,2
8,14,3,25,1
8,15,3,25,1
8,15,3,27,1
8,14,4,17,9
8,14,4,25,1
8,15,4,27,9
8,14,5,25,1
8,14,6,16,2
8,15,6,16,2
8,14,6,25,1
8,15,6,25,1
8,15,6,26,1
8,15,12,20,2
8,15,12,21,2
8,15,12,22,2
8,15,12,23,2
8,14,18,26,2
8,14,19,26,71
8,12,20,26,2
8,13,20,26,2
8,14,20,26,5
8,13,21,26,9
8,15,21,26,1
8,14,22,16,1
8,14,22,17,1
8,14,22,18,1
8,15,22,18,1
8,15,22,22,1
8,15,22,23,1
8,14,22,24,135
8,15,22,24,1
8,12,22,25,9
8,15,22,25,1
8,14,22,26,1
8,15,22,26,1
8,12,22,27,9
8,15,22,27,1
8,14,22,28,6
8,15,22,28,1
8,15,23,16,9
8,12,23,25,2
8,12,23,26,9
8,15,23,26,1
8,12,23,27,2
8,12,24,26,2
8,13,24,26,2
8,14,24,26,5
8,14,25,26,104
8,14,26,26,2
8,15,27,21,1
8,15,28,21,71
8,14,29,21,1
8,15,29,21,5
8,15,30,20,2
8,13,30,22,1
8,14,31,20,9
8,13,31,21,1
8,13,31,22,9
8,15,32,20,2
8,15,32,21,2057
8,14,33,21,1
8,15,33,21,5
8,15,34,21,104
8,15,35,21,1
8,17,4,14,135
8,18,4,14,1
8,18,4,15,1
8,16,21,14,1
8,16,21,15,1
8,16,22,12,1
8,17,22,12,1
8,16,22,13,1
8,17,22,13,136
8,16,22,14,1
8,17,22,14,5
8,17,22,15,2057
8,18,22,15,10
8,19,22,15,2
8,16,0,16,2
8,16,0,26,1
8,17,0,26,1
8,16,1,16,71
8,16,1,26,1
8,17,1,26,71
8,16,2,16,5
8,16,2,26,1
8,17,2,26,5
8,17,3,16,9
8,18,3,16,1
8,17,3,26,9
8,18,3,26,2
8,17,4,16,1
8,18,4,16,1
8,18,4,17,1
8,17,4,18,6
8,18,4,18,1
8,17,4,24,391
8,18,4,24,2
8,16,4,25,2057
8,17,4,25,10
8,18,4,25,2
8,17,4,26,2
8,18,4,26,2
8,18,4,27,2
8,17,4,28,6
8,18,4,28,2
8,16,5,16,2057
8,17,5,16,10
8,18,5,16,1
8,17,5,26,9
8,18,5,26,2
8,16,6,16,5
8,16,6,26,1
8,17,6,26,5
8,16,7,16,104
8,16,7,26,1
8,17,7,26,104
8,16,8,16,2
8,17,8,21,1
8,17,8,22,1
8,17,8,23,1
8,17,8,24,1
8,17,8,25,1
8,16,8,26,1
8,17,8,26,1
8,17,9,21,1
8,17,10,21,1
8,18,10,21,1
8,17,11,21,71
8,18,11,21,1
8,16,12,19,2
8,16,12,20,2
8,16,12,21,9
8,18,12,21,1
8,16,12,23,2
8,17,13,17,2
8,18,13,17,2
8,17,13,18,2
8,18,13,18,136
8,16,13,19,2
8,17,13,19,2
8,18,13,19,5
8,16,13,20,9
8,18,13,20,1
8,17,13,21,1
8,18,13,21,1
8,16,13,22,9
8,18,13,22,1
8,16,13,23,2
8,17,13,23,2
8,18,13,23,5
8,17,13,24,2
8,18,13,24,167
8,17,13,25,2
8,18,13,25,2
8,18,14,17,2
8,16,14,19,2
8,16,14,20,2
8,16,14,21,9
8,18,14,21,1
8,18,15,17,2
8,17,15,21,6
8,18,15,21,1
8,18,16,17,2
8,18,17,17,2
8,18,18,17,2
8,18,19,17,2
8,18,20,16,71
8,19,20,16,2
8,18,20,17,2
8,19,20,17,2
8,16,21,16,9
8,19,21,16,2
8,18,22,16,2
8,19,22,16,2
8,18,22,17,9
8,19,22,17,2
8,16,22,18,1
8,17,22,18,5
8,16,22,19,1
8,17,22,19,167
8,16,22,20,1
8,17,22,20,1
8,17,22,21,1
8,16,22,22,1
8,17,22,22,1
8,19,23,16,2
8,18,24,16,6
8,19,24,16,2
8,16,30,21,9
8,17,30,21,2
8,16,31,19,135
8,17,31,19,2
8,17,31,20,2
8,17,31,21,2
8,17,31,22,2
8,16,31,23,6
8,17,31,23,2
8,16,32,21,10
8,17,32,21,2
10,14,3,15,2
10,15,4,15,9
10,14,21,15,1
10,15,21,15,1
10,14,22,15,1
10,14,23,15,1
10,15,23,15,1
10,15,2,16,2
10,15,2,25,1
10,15,2,26,1
10,15,2,27,1
10,14,3,17,2
10,14,3,25,1
10,15,3,25,1
10,15,3,27,1
10,14,4,17,9
10,14,4,25,1
10,15,4,27,9
10,14,5,25,1
10,14,6,16,2
10,15,6,16,2
10,14,6,25,1
10,15,6,25,1
10,15,6,26,1
10,15,12,20,2
10,15,12,21,2
10,15,12,22,2
10,15,12,23,2
10,14,18,26,2
10,14,19,26,71
10,12,20,26,2
10,13,20,26,2
10,14,20,26,5
10,13,21,26,9
10,15,21,26,1
10,14,22,16,1
10,14,22,17,1
10,14,22,18,1
10,15,22,18,1
10,15,22,22,1
10,15,22,23,1
10,14,22,24,135
10,15,22,24,1
10,12,22,25,9
10,15,22,25,1
10,14,22,26,1
10,15,22,26,1
10,12,22,27,9
10,15,22,27,1
10,14,22,28,6
10,15,22,28,1
10,15,23,16,9
10,12,23,25,2
10,12,23,26,9
10,15,23,26,1
10,12,23,27,2
10,12,24,26,2
10,13,24,26,2
10,14,24,26,5
10,14,25,26,104
10,14,26,26,2
10,15,27,21,1
10,15,28,21,71
10,14,29,21,1
10,15,29,21,5
10,15,30,20,2
10,13,30,22,1
10,14,31,20,9
10,13,31,21,1
10,13,31,22,9
10,15,32,20,2
10,15,32,21,2057
10,14,33,21,1
10,15,33,21,5
10,15,34,21,104
10,15,35,21,1
10,17,4,14,135
10,18,4,14,1
10,18,4,15,1
10,16,21,14,1
10,16,21,15,1
10,16,22,12,1
10,17,22,12,1
10,16,22,13,1
10,17,22,13,136
10,16,22,14,1
10,17,22,14,5
10,17,22,15,2057
10,18,22,15,10
10,19,22,15,2
10,16,0,16,2
10,16,0,26,1
10,17,0,26,1
10,16,1,16,71
10,16,1,26,1
10,17,1,26,71
10,16,2,16,5
10,16,2,26,1
10,17,2,26,5
10,17,3,16,9
10,18,3,16,1
10,18,3,26,9
10,19,3,26,2
10,17,4,16,1
10,18,4,16,1
10,18,4,17,1
10,17,4,18,6
10,18,4,18,1
10,18,4,24,391
10,19,4,24,2
10,16,4,25,9
10,19,4,25,2
10,18,4,26,2
10,19,4,26,2
10,19,4,27,2
10,18,4,28,6
10,19,4,28,2
10,16,5,16,2057
10,17,5,16,10
10,18,5,16,1
10,17,5,26,2057
10,18,5,26,10
10,19,5,26,2
10,16,6,16,5
10,16,6,26,1
10,17,6,26,5
10,16,7,16,104
10,16,7,26,1
10,17,7,26,104
10,16,8,16,2
10,17,8,21,1
10,17,8,22,1
10,17,8,23,1
10,17,8,24,1
10,17,8,25,1
10,16,8,26,1
10,17,8,26,1
10,17,9,21,1
10,17,10,21,1
10,18,10,21,1
10,17,11,21,71
10,18,11,21,1
10,16,12,19,2
10,16,12,20,2
10,16,12,21,9
10,18,12,21,1
10,16,12,23,2
10,17,13,17,2
10,18,13,17,2
10,17,13,18,2
10,18,13,18,136
10,16,13,19,2
10,17,13,19,2
10,18,13,19,5
10,16,13,20,9
10,18,13,20,1
10,17,13,21,1
10,18,13,21,1
10,16,13,22,9
10,18,13,22,1
10,16,13,23,2
10,17,13,23,2
10,18,13,23,5
10,17,13,24,2
10,18,13,24,167
10,17,13,25,2
10,18,13,25,2
10,18,14,17,2
10,16,14,19,2
10,16,14,20,2
10,16,14,21,9
10,18,14,21,1
10,18,15,17,2
10,17,15,21,6
10,18,15,21,1
10,18,16,17,2
10,18,17,17,2
10,18,18,17,2
10,18,19,17,2
10,18,20,16,71
10,19,20,16,2
10,18,20,17,2
10,19,20,17,2
10,16,21,16,9
10,19,21,16,2
10,18,22,16,2
10,19,22,16,2
10,18,22,17,9
10,19,22,17,2
10,16,22,18,1
10,17,22,18,5
10,16,22,19,1
10,17,22,19,167
10,16,22,20,1
10,17,22,20,1
10,17,22,21,1
10,16,22,22,1
10,17,22,22,1
10,19,23,16,2
10,18,24,16,6
10,19,24,16,2
10,16,30,21,9
10,17,30,21,2
10,16,31,19,135
10,17,31,19,2
10,17,31,20,2
10,17,31,21,2
10,17,31,22,2
10,16,31,23,6
10,17,31,23,2
10,16,32,21,10
10,17,32,21,2
12,14,3,15,2
12,15,4,15,9
12,14,21,15,1
12,15,21,15,1
12,14,22,15,1
12,14,23,15,1
12,15,23,15,1
12,15,2,16,2
12,15,2,25,1
12,15,2,26,1
12,15,2,27,1
12,14,3,17,2
12,14,3,25,1
12,15,3,25,1
12,15,3,27,1
12,14,4,17,9
12,14,4,25,1
12,15,4,27,9
12,14,5,25,1
12,14,6,16,2
12,15,6,16,2
12,14,6,25,1
12,15,6,25,1
12,15,6,26,1
12,15,12,20,2
12,15,12,21,2
12,15,12,22,2
12,15,12,23,2
12,14,18,26,2
12,14,19,26,71
12,12,20,26,2
12,13,20,26,2
12,14,20,26,5
12,13,21,26,9
12,15,21,26,1
12,14,22,16,1
12,14,22,17,1
12,14,22,18,1
12,15,22,18,1
12,15,22,22,1
12,15,22,23,1
12,14,22,24,135
12,15,22,24,1
12,12,22,25,9
12,15,22,25,1
12,14,22,26,1
12,15,22,26,1
12,12,22,27,9
12,15,22,27,1
12,14,22,28,6
12,15,22,28,1
12,15,23,16,9
12,12,23,25,2
12,12,23,26,9
12,15,23,26,1
12,12,23,27,2
12,12,24,26,2
12,13,24,26,2
12,14,24,26,5
12,14,25,26,104
12,14,26,26,2
12,15,27,21,1
12,15,28,21,71
12,14,29,21,1
12,15,29,21,5
12,15,30,20,2
12,13,30,22,1
12,14,31,20,9
12,13,31,21,1
12,13,31,22,9
12,15,32,20,2
12,15,32,21,2057
12,14,33,21,1
12,15,33,21,5
12,15,34,21,104
12,15,35,21,1
12,17,4,14,135
12,18,4,14,1
12,18,4,15,1
12,16,21,14,1
12,16,21,15,1
12,16,22,12,1
12,17,22,12,1
12,16,22,13,1
12,17,22,13,136
12,16,22,14,1
12,17,22,14,5
12,17,22,15,2057
12,18,22,15,10
12,19,22,15,2
12,16,0,16,2
12,16,0,26,1
12,17,0,26,1
12,16,1,16,71
12,16,1,26,1
12,17,1,26,71
12,16,2,16,5
12,16,2,26,1
12,17,2,26,5
12,17,3,16,9
12,18,3,16,1
12,18,3,26,9
12,19,3,26,2
12,17,4,16,1
12,18,4,16,1
12,18,4,17,1
12,17,4,18,6
12,18,4,18,1
12,18,4,24,135
12,19,4,24,2
12,16,4,25,9
12,19,4,25,2
12,18,4,26,2
12,19,4,26,2
12,19,4,27,2
12,18,4,28,6
12,19,4,28,2
12,16,5,16,2057
12,17,5,16,10
12,18,5,16,1
12,17,5,26,2057
12,18,5,26,10
12,19,5,26,2
12,16,6,16,5
12,16,6,26,1
12,17,6,26,5
12,16,7,16,104
12,16,7,26,1
12,17,7,26,104
12,16,8,16,2
12,17,8,21,1
12,17,8,22,1
12,17,8,23,1
12,17,8,24,1
12,17,8,25,1
12,16,8,26,1
12,17,8,26,1
12,17,9,21,1
12,17,10,21,1
12,18,10,21,1
12,17,11,21,71
12,18,11,21,1
12,16,12,19,2
12,16,12,20,2
12,16,12,21,9
12,18,12,21,1
12,16,12,23,2
12,17,13,17,2
12,18,13,17,2
12,17,13,18,2
12,18,13,18,136
12,16,13,19,2
12,17,13,19,2
12,18,13,19,5
12,16,13,20,9
12,18,13,20,1
12,17,13,21,1
12,18,13,21,1
12,16,13,22,9
12,18,13,22,1
12,16,13,23,2
12,17,13,23,2
12,18,13,23,5
12,17,13,24,2
12,18,13,24,167
12,17,13,25,2
12,18,13,25,2
12,18,14,17,2
12,16,14,19,2
12,16,14,20,2
12,16,14,21,9
12,18,14,21,1
12,18,15,17,2
12,17,15,21,6
12,18,15,21,1
12,18,16,17,2
12,18,17,17,2
12,18,18,17,2
12,18,19,17,2
12,18,20,16,71
12,19,20,16,2
12,18,20,17,2
12,19,20,17,2
12,16,21,16,9
12,19,21,16,2
12,18,22,16,2
12,19,22,16,2
12,18,22,17,9
12,19,22,17,2
12,16,22,18,1
12,17,22,18,5
12,16,22,19,1
12,17,22,19,167
12,16,22,20,1
12,17,22,20,1
12,17,22,21,1
12,16,22,22,1
12,17,22,22,1
12,19,23,16,2
12,18,24,16,6
12,19,24,16,2
12,16,30,21,9
12,17,30,21,2
12,16,31,19,135
12,17,31,19,2
12,17,31,20,2
12,17,31,21,2
12,17,31,22,2
12,16,31,23,6
12,17,31,23,2
12,16,32,21,10
12,17,32,21,2
