rng,phase_x,phase_z,limit,distance,extension_failures,movement_failures,conservation_mismatch_ticks,max_successful_action,boundaries,initial_matches,consecutive_matches,displacement_mismatches,pass
0,0,0,37,3333,0,0,0,37,833,833,833,0,true
0,0,7,37,3333,0,0,0,37,833,833,833,0,true
0,0,8,37,3333,0,0,0,37,833,833,833,0,true
0,0,15,37,3333,0,0,0,37,833,833,833,0,true
0,7,0,37,3333,0,0,0,37,833,833,833,0,true
0,7,7,37,3333,0,0,0,37,833,833,833,0,true
0,7,8,37,3333,0,0,0,37,833,833,833,0,true
0,7,15,37,3333,0,0,0,37,833,833,833,0,true
0,8,0,37,3333,0,0,0,37,833,833,833,0,true
0,8,7,37,3333,0,0,0,37,833,833,833,0,true
0,8,8,37,3333,0,0,0,37,833,833,833,0,true
0,8,15,37,3333,0,0,0,37,833,833,833,0,true
0,15,0,37,3333,0,0,0,37,833,833,833,0,true
0,15,7,37,3333,0,0,0,37,833,833,833,0,true
0,15,8,37,3333,0,0,0,37,833,833,833,0,true
0,15,15,37,3333,0,0,0,37,833,833,833,0,true
1,0,0,37,3333,0,0,0,37,833,833,833,0,true
1,0,7,37,3333,0,0,0,37,833,833,833,0,true
1,0,8,37,3333,0,0,0,37,833,833,833,0,true
1,0,15,37,3333,0,0,0,37,833,833,833,0,true
1,7,0,37,3333,0,0,0,37,833,833,833,0,true
1,7,7,37,3333,0,0,0,37,833,833,833,0,true
1,7,8,37,3333,0,0,0,37,833,833,833,0,true
1,7,15,37,3333,0,0,0,37,833,833,833,0,true
1,8,0,37,3333,0,0,0,37,833,833,833,0,true
1,8,7,37,3333,0,0,0,37,833,833,833,0,true
1,8,8,37,3333,0,0,0,37,833,833,833,0,true
1,8,15,37,3333,0,0,0,37,833,833,833,0,true
1,15,0,37,3333,0,0,0,37,833,833,833,0,true
1,15,7,37,3333,0,0,0,37,833,833,833,0,true
1,15,8,37,3333,0,0,0,37,833,833,833,0,true
1,15,15,37,3333,0,0,0,37,833,833,833,0,true
2,0,0,37,3333,0,0,0,37,833,833,833,0,true
2,0,7,37,3333,0,0,0,37,833,833,833,0,true
2,0,8,37,3333,0,0,0,37,833,833,833,0,true
2,0,15,37,3333,0,0,0,37,833,833,833,0,true
2,7,0,37,3333,0,0,0,37,833,833,833,0,true
2,7,7,37,3333,0,0,0,37,833,833,833,0,true
2,7,8,37,3333,0,0,0,37,833,833,833,0,true
2,7,15,37,3333,0,0,0,37,833,833,833,0,true
2,8,0,37,3333,0,0,0,37,833,833,833,0,true
2,8,7,37,3333,0,0,0,37,833,833,833,0,true
2,8,8,37,3333,0,0,0,37,833,833,833,0,true
2,8,15,37,3333,0,0,0,37,833,833,833,0,true
2,15,0,37,3333,0,0,0,37,833,833,833,0,true
2,15,7,37,3333,0,0,0,37,833,833,833,0,true
2,15,8,37,3333,0,0,0,37,833,833,833,0,true
2,15,15,37,3333,0,0,0,37,833,833,833,0,true
5,0,0,37,3333,0,0,0,37,833,833,833,0,true
5,0,7,37,3333,0,0,0,37,833,833,833,0,true
5,0,8,37,3333,0,0,0,37,833,833,833,0,true
5,0,15,37,3333,0,0,0,37,833,833,833,0,true
5,7,0,37,3333,0,0,0,37,833,833,833,0,true
5,7,7,37,3333,0,0,0,37,833,833,833,0,true
5,7,8,37,3333,0,0,0,37,833,833,833,0,true
5,7,15,37,3333,0,0,0,37,833,833,833,0,true
5,8,0,37,3333,0,0,0,37,833,833,833,0,true
5,8,7,37,3333,0,0,0,37,833,833,833,0,true
5,8,8,37,3333,0,0,0,37,833,833,833,0,true
5,8,15,37,3333,0,0,0,37,833,833,833,0,true
5,15,0,37,3333,0,0,0,37,833,833,833,0,true
5,15,7,37,3333,0,0,0,37,833,833,833,0,true
5,15,8,37,3333,0,0,0,37,833,833,833,0,true
5,15,15,37,3333,0,0,0,37,833,833,833,0,true
42,0,0,37,3333,0,0,0,37,833,833,833,0,true
42,0,7,37,3333,0,0,0,37,833,833,833,0,true
42,0,8,37,3333,0,0,0,37,833,833,833,0,true
42,0,15,37,3333,0,0,0,37,833,833,833,0,true
42,7,0,37,3333,0,0,0,37,833,833,833,0,true
42,7,7,37,3333,0,0,0,37,833,833,833,0,true
42,7,8,37,3333,0,0,0,37,833,833,833,0,true
42,7,15,37,3333,0,0,0,37,833,833,833,0,true
42,8,0,37,3333,0,0,0,37,833,833,833,0,true
42,8,7,37,3333,0,0,0,37,833,833,833,0,true
42,8,8,37,3333,0,0,0,37,833,833,833,0,true
42,8,15,37,3333,0,0,0,37,833,833,833,0,true
42,15,0,37,3333,0,0,0,37,833,833,833,0,true
42,15,7,37,3333,0,0,0,37,833,833,833,0,true
42,15,8,37,3333,0,0,0,37,833,833,833,0,true
42,15,15,37,3333,0,0,0,37,833,833,833,0,true
