rng,phase_x,phase_z,limit,distance,failures,conserved,initial_signature_matches,consecutive_signature_matches
0,0,0,13,3000,0,true,0,0
0,0,7,13,3000,0,true,0,0
0,0,8,13,3000,0,true,0,0
0,0,15,13,3000,0,true,0,0
0,7,0,13,3000,0,true,0,0
0,7,7,13,3000,0,true,0,0
0,7,8,13,3000,0,true,0,0
0,7,15,13,3000,0,true,0,0
0,8,0,13,3000,0,true,0,0
0,8,7,13,3000,0,true,0,0
0,8,8,13,3000,0,true,0,0
0,8,15,13,3000,0,true,0,0
0,15,0,13,3000,0,true,0,0
0,15,7,13,3000,0,true,0,0
0,15,8,13,3000,0,true,0,0
0,15,15,13,3000,0,true,0,0
1,0,0,13,3000,0,true,0,0
1,0,7,13,3000,0,true,0,0
1,0,8,13,3000,0,true,0,0
1,0,15,13,3000,0,true,0,0
1,7,0,13,3000,0,true,0,0
1,7,7,13,3000,0,true,0,0
1,7,8,13,3000,0,true,0,0
1,7,15,13,3000,0,true,0,0
1,8,0,13,3000,0,true,0,1
1,8,7,13,3000,0,true,0,0
1,8,8,13,3000,0,true,0,0
1,8,15,13,3000,0,true,0,0
1,15,0,13,3000,0,true,0,0
1,15,7,13,3000,0,true,0,0
1,15,8,13,3000,0,true,0,0
1,15,15,13,3000,0,true,0,0
2,0,0,13,3000,0,true,0,0
2,0,7,13,3000,0,true,0,0
2,0,8,13,3000,0,true,0,0
2,0,15,13,3000,0,true,0,0
2,7,0,13,3000,0,true,0,0
2,7,7,13,3000,0,true,0,0
2,7,8,13,3000,0,true,0,0
2,7,15,13,3000,0,true,0,0
2,8,0,13,3000,0,true,0,0
2,8,7,13,3000,0,true,0,0
2,8,8,13,3000,0,true,0,0
2,8,15,13,3000,0,true,0,0
2,15,0,13,3000,0,true,0,0
2,15,7,13,3000,0,true,0,0
2,15,8,13,3000,0,true,0,0
2,15,15,13,3000,0,true,0,0
5,0,0,13,3000,0,true,0,0
5,0,7,13,3000,0,true,0,0
5,0,8,13,3000,0,true,0,0
5,0,15,13,3000,0,true,0,0
5,7,0,13,3000,0,true,0,0
5,7,7,13,3000,0,true,0,0
5,7,8,13,3000,0,true,0,0
5,7,15,13,3000,0,true,0,0
5,8,0,13,3000,0,true,0,0
5,8,7,13,3000,0,true,0,0
5,8,8,13,3000,0,true,0,0
5,8,15,13,3000,0,true,0,0
5,15,0,13,3000,0,true,0,0
5,15,7,13,3000,0,true,0,0
5,15,8,13,3000,0,true,0,0
5,15,15,13,3000,0,true,0,0
42,0,0,13,3000,0,true,0,0
42,0,7,13,3000,0,true,0,0
42,0,8,13,3000,0,true,0,0
42,0,15,13,3000,0,true,0,0
42,7,0,13,3000,0,true,0,0
42,7,7,13,3000,0,true,0,0
42,7,8,13,3000,0,true,0,0
42,7,15,13,3000,0,true,0,0
42,8,0,13,3000,0,true,0,0
42,8,7,13,3000,0,true,0,0
42,8,8,13,3000,0,true,0,0
42,8,15,13,3000,0,true,0,0
42,15,0,13,3000,0,true,0,0
42,15,7,13,3000,0,true,0,0
42,15,8,13,3000,0,true,0,0
42,15,15,13,3000,0,true,0,0
