rng,phase_x,phase_z,limit,distance,failures,conserved,initial_signature_matches,consecutive_signature_matches
0,0,0,18,3000,0,true,18,13
0,0,7,18,3000,0,true,22,22
0,0,8,18,3000,0,true,22,22
0,0,15,18,3000,0,true,23,18
0,7,0,18,3000,0,true,22,12
0,7,7,18,3000,0,true,19,13
0,7,8,18,3000,0,true,19,13
0,7,15,18,3000,0,true,18,18
0,8,0,18,3000,0,true,14,13
0,8,7,18,3000,0,true,21,19
0,8,8,18,3000,0,true,21,19
0,8,15,18,3000,0,true,19,22
0,15,0,18,3000,0,true,15,17
0,15,7,18,3000,0,true,17,18
0,15,8,18,3000,0,true,17,18
0,15,15,18,3000,0,true,25,17
1,0,0,18,3000,0,true,13,29
1,0,7,18,3000,0,true,25,14
1,0,8,18,3000,0,true,25,14
1,0,15,18,3000,0,true,16,17
1,7,0,18,3000,0,true,12,16
1,7,7,18,3000,0,true,21,16
1,7,8,18,3000,0,true,21,16
1,7,15,18,3000,0,true,17,21
1,8,0,18,3000,0,true,16,21
1,8,7,18,3000,0,true,20,18
1,8,8,18,3000,0,true,20,18
1,8,15,18,3000,0,true,20,22
1,15,0,18,3000,0,true,17,29
1,15,7,18,3000,0,true,19,17
1,15,8,18,3000,0,true,19,17
1,15,15,18,3000,0,true,17,18
2,0,0,18,3000,0,true,15,19
2,0,7,18,3000,0,true,13,19
2,0,8,18,3000,0,true,13,19
2,0,15,18,3000,0,true,21,21
2,7,0,18,3000,0,true,23,15
2,7,7,18,3000,0,true,16,28
2,7,8,18,3000,0,true,16,28
2,7,15,18,3000,0,true,17,14
2,8,0,18,3000,0,true,19,13
2,8,7,18,3000,0,true,15,22
2,8,8,18,3000,0,true,15,22
2,8,15,18,3000,0,true,17,12
2,15,0,18,3000,0,true,13,18
2,15,7,18,3000,0,true,11,12
2,15,8,18,3000,0,true,11,12
2,15,15,18,3000,0,true,23,15
5,0,0,18,3000,0,true,18,20
5,0,7,18,3000,0,true,16,23
5,0,8,18,3000,0,true,16,23
5,0,15,18,3000,0,true,16,20
5,7,0,18,3000,0,true,18,14
5,7,7,18,3000,0,true,19,17
5,7,8,18,3000,0,true,19,17
5,7,15,18,3000,0,true,15,18
5,8,0,18,3000,0,true,14,17
5,8,7,18,3000,0,true,17,16
5,8,8,18,3000,0,true,17,16
5,8,15,18,3000,0,true,18,24
5,15,0,18,3000,0,true,16,28
5,15,7,18,3000,0,true,13,23
5,15,8,18,3000,0,true,13,23
5,15,15,18,3000,0,true,18,18
42,0,0,18,3000,0,true,20,19
42,0,7,18,3000,0,true,19,23
42,0,8,18,3000,0,true,19,23
42,0,15,18,3000,0,true,25,14
42,7,0,18,3000,0,true,25,18
42,7,7,18,3000,0,true,15,19
42,7,8,18,3000,0,true,15,19
42,7,15,18,3000,0,true,20,12
42,8,0,18,3000,0,true,26,29
42,8,7,18,3000,0,true,16,18
42,8,8,18,3000,0,true,16,18
42,8,15,18,3000,0,true,10,16
42,15,0,18,3000,0,true,19,19
42,15,7,18,3000,0,true,17,18
42,15,8,18,3000,0,true,17,18
42,15,15,18,3000,0,true,19,18
