c0	40	80	23
c1	40	80	23
c10	40	80	25
c100	40	80	23
c1000	40	80	23
c1001	40	80	23
c1002	40	80	21
c1003	40	80	21
c1004	40	80	21
c1005	40	80	21
c1006	40	80	21
c1007	40	80	21
c1008	40	80	21
c1009	40	80	21
c101	40	80	23
c1010	40	80	21
c1011	40	80	21
c1012	40	80	21
c1013	40	80	21
c102	40	80	23
c103	40	80	23
c104	40	80	23
c105	40	80	23
c106	40	80	23
c107	40	80	23
c108	40	80	25
c109	40	80	25
c11	40	80	25
c110	40	80	25
c111	40	80	25
c112	40	80	25
c113	40	80	25
c114	40	80	21
c115	40	80	21
c116	40	80	21
c117	40	80	21
c118	40	80	21
c119	40	80	21
c12	40	80	25
c120	40	80	23
c121	40	80	23
c122	40	80	23
c123	40	80	23
c124	40	80	23
c125	40	80	23
c126	40	80	21
c127	40	80	21
c128	40	80	21
c129	40	80	21
c13	40	80	23
c130	40	80	21
c131	40	80	21
c132	40	80	23
c133	40	80	23
c134	40	80	23
c135	40	80	23
c136	40	80	23
c137	40	80	23
c138	40	80	25
c139	40	80	25
c14	40	80	23
c140	40	80	25
c141	40	80	25
c142	40	80	25
c143	40	80	25
c144	40	80	25
c145	40	80	25
c146	40	80	25
c147	40	80	25
c148	40	80	25
c149	40	80	25
c15	40	80	23
c150	40	80	25
c151	40	80	25
c152	40	80	25
c153	40	80	25
c154	40	80	25
c155	40	80	25
c156	40	80	25
c157	40	80	25
c158	40	80	25
c159	40	80	25
c16	40	80	23
c160	40	80	25
c161	40	80	25
c162	40	80	23
c163	40	80	25
c164	40	80	25
c165	40	80	25
c166	40	80	25
c167	40	80	23
c168	40	80	25
c169	40	80	25
c17	40	80	23
c170	1	3	22
c171	40	80	23
c172	1	3	22
c173	40	80	23
c174	40	80	23
c175	40	80	25
c176	40	80	25
c177	40	80	23
c178	40	80	23
c179	40	80	21
c18	40	80	23
c180	40	80	23
c181	1	3	22
c182	40	80	23
c183	40	80	23
c184	1	3	22
c185	40	80	25
c186	40	80	25
c187	40	80	23
c188	40	80	23
c189	40	80	21
c19	40	80	23
c190	40	80	22
c191	40	80	21
c192	40	80	24
c193	40	80	21
c194	40	80	22
c195	40	80	24
c196	40	80	25
c197	40	80	25
c198	40	80	25
c199	40	80	23
c2	40	80	23
c20	40	80	25
c200	40	80	23
c201	40	80	23
c202	40	80	25
c203	40	80	25
c204	40	80	25
c205	40	80	25
c206	40	80	25
c207	40	80	25
c208	40	80	25
c209	40	80	25
c21	40	80	25
c210	40	80	25
c211	40	80	23
c212	40	80	23
c213	40	80	23
c214	40	80	25
c215	40	80	25
c216	40	80	25
c217	40	80	25
c218	40	80	25
c219	40	80	25
c22	40	80	25
c220	40	80	23
c221	40	80	23
c222	1	3	22
c223	40	80	23
c224	1	3	22
c225	40	80	21
c226	40	80	23
c227	40	80	23
c228	40	80	25
c229	40	80	25
c23	40	80	25
c230	1	3	22
c231	40	80	23
c232	40	80	23
c233	1	3	22
c234	40	80	23
c235	40	80	21
c236	40	80	23
c237	40	80	23
c238	40	80	25
c239	40	80	25
c24	40	80	25
c240	1	2	20
c241	1	2	20
c242	1	2	18
c243	0	1	22
c244	1	2	20
c245	1	2	18
c246	1	2	20
c247	1	2	20
c248	0	1	22
c249	1	2	20
c25	40	80	25
c250	40	80	23
c251	40	80	23
c252	40	80	23
c253	40	80	23
c254	40	80	23
c255	40	80	23
c256	40	80	23
c257	40	80	23
c258	40	80	23
c259	40	80	23
c26	40	80	23
c260	40	80	25
c261	40	80	25
c262	40	80	25
c263	40	80	24
c264	40	80	24
c265	40	80	24
c266	40	80	25
c267	40	80	25
c268	40	80	25
c269	40	80	25
c27	40	80	23
c270	40	80	25
c271	40	80	25
c272	40	80	24
c273	40	80	24
c274	40	80	24
c275	40	80	25
c276	40	80	25
c277	40	80	25
c278	40	80	23
c279	40	80	25
c28	40	80	23
c280	40	80	25
c281	40	80	23
c282	40	80	25
c283	40	80	25
c284	40	80	21
c285	40	80	22
c286	40	80	24
c287	40	80	22
c288	40	80	21
c289	40	80	24
c29	40	80	23
c290	2	4	18
c291	2	4	20
c292	1	3	20
c293	0	2	22
c294	1	3	20
c295	1	3	18
c296	1	3	20
c297	1	3	22
c298	40	80	23
c299	40	80	23
c3	40	80	23
c30	40	80	23
c300	40	80	23
c301	40	80	23
c302	40	80	23
c303	40	80	23
c304	40	80	23
c305	40	80	23
c306	40	80	23
c307	40	80	25
c308	40	80	25
c309	40	80	25
c31	40	80	23
c310	40	80	25
c311	40	80	25
c312	40	80	25
c313	40	80	25
c314	40	80	25
c315	40	80	25
c316	40	80	25
c317	40	80	23
c318	40	80	23
c319	40	80	23
c32	40	80	23
c320	40	80	25
c321	40	80	25
c322	40	80	25
c323	40	80	25
c324	40	80	25
c325	40	80	25
c326	40	80	25
c327	40	80	25
c328	40	80	25
c329	40	80	25
c33	40	80	23
c330	40	80	23
c331	40	80	23
c332	40	80	23
c333	40	80	23
c334	40	80	23
c335	40	80	23
c336	40	80	23
c337	40	80	23
c338	40	80	23
c339	40	80	23
c34	40	80	23
c340	40	80	23
c341	40	80	23
c342	40	80	23
c343	40	80	23
c344	40	80	24
c345	40	80	24
c346	40	80	24
c347	40	80	25
c348	40	80	25
c349	40	80	25
c35	40	80	23
c350	40	80	25
c351	40	80	25
c352	40	80	25
c353	40	80	24
c354	40	80	24
c355	40	80	24
c356	40	80	25
c357	40	80	25
c358	40	80	25
c359	40	80	25
c36	40	80	23
c360	40	80	25
c361	40	80	25
c362	40	80	24
c363	40	80	24
c364	40	80	24
c365	40	80	24
c366	40	80	24
c367	40	80	24
c368	40	80	24
c369	40	80	24
c37	40	80	23
c370	40	80	24
c371	40	80	24
c372	40	80	24
c373	40	80	24
c374	40	80	24
c375	40	80	24
c376	40	80	25
c377	40	80	25
c378	40	80	25
c379	40	80	25
c38	40	80	23
c380	40	80	25
c381	40	80	25
c382	40	80	25
c383	40	80	25
c384	40	80	25
c385	40	80	25
c386	40	80	24
c387	40	80	24
c388	2	5	21
c389	2	5	21
c39	40	80	23
c390	40	80	24
c391	40	80	23
c392	40	80	24
c393	40	80	24
c394	40	80	23
c395	40	80	23
c396	40	80	24
c397	40	80	23
c398	40	80	24
c399	40	80	24
c4	40	80	23
c40	40	80	23
c400	40	80	25
c401	40	80	25
c402	40	80	25
c403	40	80	25
c404	40	80	25
c405	40	80	25
c406	40	80	25
c407	40	80	25
c408	40	80	24
c409	40	80	24
c41	40	80	23
c410	40	80	24
c411	40	80	24
c412	2	5	23
c413	2	5	23
c414	1	4	23
c415	1	4	23
c416	4	9	23
c417	4	9	23
c418	1	4	23
c419	1	4	23
c42	40	80	21
c420	40	80	25
c421	40	80	25
c422	40	80	24
c423	40	80	24
c424	40	80	23
c425	40	80	24
c426	40	80	25
c427	40	80	25
c428	40	80	23
c429	40	80	24
c43	40	80	21
c430	40	80	24
c431	40	80	24
c432	40	80	24
c433	40	80	24
c434	40	80	24
c435	40	80	24
c436	40	80	24
c437	40	80	24
c438	40	80	24
c439	40	80	24
c44	40	80	21
c440	2	6	21
c441	2	6	21
c442	40	80	25
c443	40	80	25
c444	40	80	25
c445	40	80	25
c446	40	80	25
c447	40	80	25
c448	40	80	25
c449	40	80	25
c45	40	80	21
c450	40	80	25
c451	40	80	25
c452	40	80	23
c453	40	80	23
c454	40	80	23
c455	40	80	24
c456	40	80	24
c457	40	80	23
c458	40	80	24
c459	40	80	24
c46	40	80	21
c460	40	80	24
c461	40	80	24
c462	40	80	23
c463	40	80	23
c464	40	80	23
c465	40	80	24
c466	40	80	24
c467	40	80	23
c468	1	3	23
c469	1	3	23
c47	40	80	21
c470	1	3	23
c471	1	3	23
c472	2	6	23
c473	2	6	23
c474	2	6	23
c475	2	6	23
c476	40	80	25
c477	40	80	25
c478	40	80	25
c479	40	80	25
c48	40	80	23
c480	40	80	25
c481	40	80	25
c482	40	80	25
c483	40	80	25
c484	40	80	23
c485	40	80	24
c486	40	80	24
c487	40	80	24
c488	40	80	25
c489	40	80	25
c49	40	80	23
c490	40	80	24
c491	40	80	23
c492	40	80	25
c493	40	80	25
c494	40	80	24
c495	40	80	24
c496	40	80	25
c497	40	80	25
c498	1	2	23
c499	1	2	23
c5	40	80	23
c50	40	80	23
c500	1	2	23
c501	1	2	23
c502	1	2	23
c503	3	7	23
c504	3	7	23
c505	3	7	23
c506	3	7	23
c507	3	7	23
c508	40	80	24
c509	40	80	24
c51	40	80	23
c510	40	80	24
c511	40	80	24
c512	40	80	24
c513	40	80	24
c514	40	80	24
c515	40	80	24
c516	40	80	24
c517	40	80	24
c518	40	80	24
c519	40	80	24
c52	40	80	23
c520	40	80	25
c521	40	80	25
c522	40	80	25
c523	40	80	25
c524	40	80	25
c525	40	80	25
c526	40	80	25
c527	40	80	25
c528	40	80	25
c529	40	80	25
c53	40	80	21
c530	40	80	24
c531	40	80	24
c532	40	80	24
c533	40	80	24
c534	1	3	21
c535	2	5	21
c536	40	80	24
c537	40	80	24
c538	40	80	24
c539	40	80	24
c54	40	80	21
c540	40	80	24
c541	40	80	23
c542	40	80	23
c543	40	80	23
c544	40	80	24
c545	40	80	24
c546	40	80	24
c547	40	80	24
c548	40	80	24
c549	40	80	23
c55	40	80	21
c550	40	80	23
c551	40	80	23
c552	40	80	25
c553	40	80	25
c554	40	80	25
c555	40	80	25
c556	40	80	25
c557	40	80	25
c558	40	80	25
c559	40	80	25
c56	40	80	21
c560	1	3	23
c561	1	3	23
c562	1	3	23
c563	1	3	23
c564	2	5	23
c565	2	5	23
c566	2	5	23
c567	2	5	23
c568	40	80	24
c569	40	80	24
c57	40	80	21
c570	40	80	25
c571	40	80	24
c572	40	80	24
c573	40	80	24
c574	40	80	23
c575	40	80	24
c576	40	80	25
c577	40	80	23
c578	40	80	24
c579	40	80	24
c58	40	80	21
c580	40	80	24
c581	40	80	24
c582	40	80	24
c583	40	80	24
c584	40	80	24
c585	40	80	24
c586	40	80	24
c587	40	80	24
c588	40	80	24
c589	40	80	24
c59	40	80	23
c590	40	80	24
c591	40	80	24
c592	40	80	24
c593	40	80	24
c594	2	5	21
c595	1	3	21
c596	40	80	25
c597	40	80	25
c598	40	80	25
c599	40	80	25
c6	40	80	23
c60	40	80	23
c600	40	80	25
c601	40	80	25
c602	40	80	25
c603	40	80	25
c604	40	80	25
c605	40	80	25
c606	40	80	23
c607	40	80	23
c608	40	80	23
c609	40	80	24
c61	40	80	23
c610	40	80	24
c611	40	80	24
c612	40	80	24
c613	40	80	24
c614	40	80	23
c615	40	80	23
c616	40	80	23
c617	40	80	24
c618	40	80	24
c619	40	80	24
c62	40	80	23
c620	40	80	24
c621	40	80	24
c622	40	80	25
c623	40	80	25
c624	40	80	25
c625	40	80	25
c626	40	80	25
c627	40	80	25
c628	40	80	25
c629	40	80	25
c63	40	80	23
c630	40	80	25
c631	40	80	25
c632	40	80	23
c633	40	80	24
c634	40	80	24
c635	40	80	25
c636	40	80	25
c637	40	80	24
c638	40	80	23
c639	40	80	25
c64	40	80	25
c640	40	80	25
c641	40	80	24
c642	40	80	25
c643	40	80	25
c644	40	80	25
c645	40	80	25
c646	40	80	25
c647	40	80	25
c648	40	80	25
c649	40	80	25
c65	40	80	25
c650	40	80	25
c651	40	80	25
c652	40	80	25
c653	40	80	25
c654	40	80	25
c655	40	80	25
c656	40	80	25
c657	40	80	25
c658	40	80	25
c659	40	80	25
c66	40	80	25
c660	40	80	25
c661	40	80	25
c662	40	80	25
c663	40	80	25
c664	40	80	25
c665	40	80	25
c666	40	80	25
c667	40	80	23
c668	40	80	23
c669	40	80	23
c67	40	80	25
c670	40	80	23
c671	40	80	23
c672	40	80	23
c673	40	80	23
c674	40	80	23
c675	40	80	23
c676	40	80	23
c677	40	80	25
c678	40	80	23
c679	40	80	23
c68	40	80	25
c680	40	80	23
c681	40	80	25
c682	40	80	23
c683	40	80	25
c684	40	80	23
c685	40	80	23
c686	40	80	25
c687	40	80	25
c688	40	80	25
c689	40	80	25
c69	40	80	25
c690	40	80	25
c691	40	80	25
c692	40	80	25
c693	40	80	25
c694	40	80	25
c695	40	80	25
c696	40	80	24
c697	40	80	24
c698	40	80	24
c699	40	80	24
c7	40	80	25
c70	40	80	25
c700	1	2	22
c701	1	2	22
c702	40	80	23
c703	40	80	23
c704	40	80	23
c705	40	80	23
c706	40	80	25
c707	40	80	25
c708	40	80	25
c709	40	80	23
c71	40	80	25
c710	1	2	20
c711	0	1	22
c712	1	2	22
c713	1	2	22
c714	40	80	23
c715	40	80	23
c716	40	80	23
c717	40	80	23
c718	40	80	23
c719	40	80	25
c72	40	80	25
c720	40	80	25
c721	40	80	25
c722	0	0	22
c723	1	2	20
c724	40	80	22
c725	40	80	21
c726	40	80	22
c727	40	80	21
c728	40	80	25
c729	40	80	25
c73	40	80	25
c730	40	80	23
c731	40	80	25
c732	40	80	25
c733	40	80	25
c734	40	80	23
c735	40	80	23
c736	40	80	23
c737	40	80	23
c738	40	80	25
c739	40	80	25
c74	40	80	25
c740	40	80	23
c741	40	80	23
c742	40	80	23
c743	40	80	25
c744	40	80	25
c745	40	80	25
c746	40	80	25
c747	40	80	25
c748	40	80	25
c749	40	80	25
c75	40	80	25
c750	40	80	25
c751	40	80	25
c752	40	80	25
c753	40	80	25
c754	40	80	23
c755	40	80	23
c756	40	80	23
c757	40	80	23
c758	40	80	23
c759	40	80	23
c76	40	80	25
c760	40	80	23
c761	40	80	23
c762	40	80	23
c763	40	80	23
c764	40	80	23
c765	40	80	23
c766	40	80	23
c767	1	2	22
c768	1	2	22
c769	0	0	22
c77	40	80	25
c770	1	2	20
c771	40	80	23
c772	40	80	23
c773	40	80	25
c774	40	80	25
c775	40	80	25
c776	40	80	23
c777	40	80	23
c778	40	80	23
c779	1	2	22
c78	40	80	25
c780	1	2	22
c781	1	2	20
c782	0	1	22
c783	40	80	25
c784	40	80	25
c785	40	80	25
c786	40	80	23
c787	40	80	23
c788	2	4	20
c789	2	4	18
c79	40	80	25
c790	40	80	21
c791	2	3	20
c792	2	3	18
c793	40	80	21
c794	40	80	25
c795	40	80	24
c796	40	80	25
c797	40	80	25
c798	40	80	25
c799	40	80	24
c8	40	80	25
c80	40	80	25
c800	40	80	24
c801	40	80	24
c802	40	80	24
c803	40	80	25
c804	40	80	24
c805	40	80	24
c806	40	80	24
c807	40	80	25
c808	40	80	25
c809	40	80	25
c81	40	80	25
c810	40	80	23
c811	40	80	25
c812	40	80	25
c813	40	80	23
c814	40	80	23
c815	40	80	23
c816	40	80	25
c817	40	80	25
c818	40	80	25
c819	40	80	23
c82	40	80	25
c820	40	80	23
c821	40	80	23
c822	40	80	23
c823	40	80	25
c824	40	80	21
c825	40	80	22
c826	40	80	21
c827	40	80	22
c828	3	6	18
c829	3	6	20
c83	40	80	25
c830	3	6	20
c831	40	80	21
c832	2	4	18
c833	2	4	20
c834	2	4	20
c835	40	80	21
c836	40	80	23
c837	40	80	23
c838	40	80	25
c839	40	80	25
c84	40	80	25
c840	40	80	25
c841	40	80	23
c842	40	80	25
c843	40	80	25
c844	40	80	25
c845	40	80	25
c846	40	80	25
c847	40	80	23
c848	40	80	23
c849	40	80	25
c85	40	80	25
c850	40	80	25
c851	40	80	23
c852	40	80	24
c853	40	80	24
c854	40	80	25
c855	40	80	24
c856	40	80	25
c857	40	80	25
c858	40	80	24
c859	40	80	24
c86	40	80	23
c860	40	80	25
c861	40	80	24
c862	40	80	25
c863	40	80	25
c864	40	80	25
c865	40	80	25
c866	40	80	25
c867	40	80	25
c868	40	80	25
c869	40	80	25
c87	40	80	23
c870	40	80	25
c871	40	80	25
c872	40	80	25
c873	40	80	25
c874	40	80	25
c875	40	80	25
c876	40	80	25
c877	40	80	25
c878	40	80	25
c879	40	80	25
c88	40	80	23
c880	40	80	25
c881	40	80	25
c882	40	80	25
c883	40	80	25
c884	40	80	25
c885	40	80	25
c886	40	80	25
c887	40	80	25
c888	40	80	25
c889	40	80	25
c89	40	80	23
c890	40	80	25
c891	40	80	25
c892	40	80	25
c893	40	80	25
c894	40	80	25
c895	40	80	25
c896	40	80	25
c897	40	80	25
c898	40	80	25
c899	40	80	25
c9	40	80	25
c90	40	80	23
c900	40	80	25
c901	40	80	25
c902	40	80	23
c903	40	80	23
c904	40	80	23
c905	40	80	23
c906	40	80	23
c907	40	80	23
c908	40	80	23
c909	40	80	23
c91	40	80	23
c910	40	80	23
c911	40	80	23
c912	40	80	23
c913	40	80	23
c914	40	80	23
c915	40	80	23
c916	40	80	23
c917	40	80	23
c918	40	80	23
c919	40	80	23
c92	40	80	23
c920	40	80	23
c921	40	80	23
c922	40	80	23
c923	40	80	23
c924	40	80	23
c925	40	80	23
c926	40	80	25
c927	40	80	25
c928	40	80	25
c929	40	80	25
c93	40	80	23
c930	40	80	25
c931	40	80	25
c932	40	80	25
c933	40	80	25
c934	40	80	25
c935	40	80	25
c936	40	80	25
c937	40	80	25
c938	40	80	25
c939	40	80	25
c94	40	80	25
c940	40	80	25
c941	40	80	25
c942	40	80	25
c943	40	80	25
c944	40	80	25
c945	40	80	25
c946	40	80	23
c947	40	80	23
c948	40	80	23
c949	40	80	23
c95	40	80	25
c950	40	80	23
c951	40	80	23
c952	40	80	23
c953	40	80	23
c954	40	80	23
c955	40	80	23
c956	40	80	23
c957	40	80	23
c958	40	80	23
c959	40	80	23
c96	40	80	25
c960	40	80	23
c961	40	80	23
c962	40	80	23
c963	40	80	23
c964	40	80	23
c965	40	80	23
c966	40	80	23
c967	40	80	23
c968	40	80	23
c969	40	80	23
c97	40	80	25
c970	40	80	23
c971	40	80	23
c972	40	80	23
c973	40	80	23
c974	40	80	23
c975	40	80	23
c976	40	80	21
c977	40	80	21
c978	40	80	21
c979	40	80	21
c98	40	80	25
c980	40	80	21
c981	40	80	21
c982	40	80	21
c983	40	80	21
c984	40	80	21
c985	40	80	21
c986	40	80	21
c987	40	80	21
c988	40	80	23
c989	40	80	23
c99	40	80	25
c990	40	80	23
c991	40	80	23
c992	40	80	23
c993	40	80	23
c994	40	80	23
c995	40	80	23
c996	40	80	23
c997	40	80	23
c998	40	80	23
c999	40	80	23
