center_y,center_z,geometry_seed,sticky0,sticky1,distance120
0,1,0,13,12,0
0,1,1,-1,-1,-1
0,1,2,-1,-1,-1
0,1,3,13,13,0
0,1,4,13,13,0
0,2,0,12,13,0
0,2,1,12,13,0
0,2,2,-1,-1,-1
0,2,3,12,12,0
0,2,4,12,12,0
0,3,0,12,13,0
0,3,1,12,13,0
0,3,2,13,13,0
0,3,3,13,13,0
0,3,4,13,13,0
0,4,0,12,12,0
0,4,1,12,13,0
0,4,2,12,12,0
0,4,3,12,12,0
0,4,4,12,12,0
1,0,0,-1,-1,-1
1,0,1,-1,-1,-1
1,0,2,12,13,0
1,0,3,-1,-1,-1
1,0,4,-1,-1,-1
1,1,0,12,12,0
1,1,1,-1,-1,-1
1,1,2,12,13,0
1,1,3,12,12,0
1,1,4,12,12,0
1,2,0,12,13,0
1,2,1,12,13,0
1,2,2,12,12,0
1,2,3,13,13,0
1,2,4,13,13,0
1,3,0,12,12,0
1,3,1,12,13,0
1,3,2,12,12,0
1,3,3,12,12,0
1,3,4,12,12,0
1,4,0,12,13,0
1,4,1,12,13,0
1,4,2,13,13,0
1,4,3,13,12,0
1,4,4,12,12,0
2,0,0,12,13,0
2,0,1,12,12,0
2,0,2,12,13,0
2,0,3,13,12,0
2,0,4,-1,-1,-1
2,1,0,12,12,0
2,1,1,12,13,0
2,1,2,12,13,0
2,1,3,12,12,0
2,1,4,12,12,0
2,2,0,12,12,0
2,2,1,12,12,0
2,2,2,12,13,0
2,2,3,12,12,0
2,2,4,12,12,0
2,3,0,12,12,0
2,3,1,12,13,0
2,3,2,12,12,0
2,3,3,12,12,0
2,3,4,12,12,0
2,4,0,13,13,0
2,4,1,12,12,0
2,4,2,12,12,0
2,4,3,13,13,0
2,4,4,13,12,0
3,0,0,12,13,0
3,0,1,13,13,0
3,0,2,12,13,0
3,0,3,13,12,0
3,0,4,13,13,0
3,1,0,12,13,0
3,1,1,12,12,0
3,1,2,12,13,0
3,1,3,13,12,0
3,1,4,12,12,0
3,2,0,12,12,0
3,2,1,12,13,0
3,2,2,12,12,0
3,2,3,12,12,0
3,2,4,12,12,0
3,3,0,13,13,0
3,3,1,12,12,0
3,3,2,12,12,0
3,3,3,13,13,0
3,3,4,12,12,0
3,4,0,14,14,0
3,4,1,13,13,0
3,4,2,13,13,0
3,4,3,14,14,0
3,4,4,13,13,0
4,0,0,12,13,0
4,0,1,12,12,0
4,0,2,12,12,0
4,0,3,13,12,0
4,0,4,12,12,0
4,1,0,12,12,0
4,1,1,12,13,0
4,1,2,12,12,0
4,1,3,12,12,0
4,1,4,13,13,0
4,2,0,13,13,0
4,2,1,12,12,0
4,2,2,12,13,0
4,2,3,13,13,0
4,2,4,12,12,0
4,3,0,14,14,0
4,3,1,13,13,0
4,3,2,13,13,0
4,3,3,14,14,0
4,3,4,13,13,0
4,4,0,15,15,0
4,4,1,14,14,0
4,4,2,14,14,0
4,4,3,15,15,0
4,4,4,14,14,0
