body,phase,x,y,z
0,0,32,2,16
0,0,32,2,17
0,0,32,3,16
0,0,33,2,16
0,0,34,2,16
0,0,35,2,16
0,0,35,2,17
1,1,34,1,17
1,1,34,1,18
1,1,34,2,18
1,1,34,3,17
1,1,34,3,18
1,1,35,1,18
1,1,36,1,18
2,1,31,3,15
2,1,31,4,15
2,1,31,4,16
2,1,32,4,15
2,1,33,4,15
3,0,29,2,14
3,0,29,2,15
3,0,29,3,14
3,0,30,2,14
3,0,31,2,14
4,1,28,3,13
4,1,28,4,13
4,1,28,4,14
4,1,29,4,13
4,1,30,4,13
5,0,26,2,12
5,0,26,2,13
5,0,26,3,12
5,0,27,2,12
5,0,28,2,12
6,1,25,3,11
6,1,25,4,11
6,1,25,4,12
6,1,26,4,11
6,1,27,4,11
7,0,23,2,10
7,0,23,2,11
7,0,23,3,10
7,0,24,2,10
7,0,25,2,10
8,1,22,3,9
8,1,22,4,9
8,1,22,4,10
8,1,23,4,9
8,1,24,4,9
9,0,20,2,8
9,0,20,2,9
9,0,20,3,8
9,0,21,2,8
9,0,22,2,8
10,1,19,3,7
10,1,19,4,7
10,1,19,4,8
10,1,20,4,7
10,1,21,4,7
11,0,17,2,6
11,0,17,2,7
11,0,17,3,6
11,0,18,2,6
11,0,19,2,6
12,1,16,3,5
12,1,16,4,5
12,1,16,4,6
12,1,17,4,5
12,1,18,4,5
13,0,14,2,4
13,0,14,2,5
13,0,14,3,4
13,0,15,2,4
13,0,16,2,4
14,1,13,3,3
14,1,13,4,3
14,1,13,4,4
14,1,14,4,3
14,1,15,4,3
15,0,11,2,2
15,0,11,2,3
15,0,11,3,2
15,0,12,2,2
15,0,13,2,2
16,1,10,3,1
16,1,10,4,1
16,1,10,4,2
16,1,11,4,1
16,1,12,4,1
17,0,8,2,0
17,0,8,2,1
17,0,8,3,0
17,0,9,2,0
17,0,10,2,0
