s-2_3_5r0g0	48	240	103
s-2_3_5r0g1	48	240	101
s-2_3_5r0g10	48	240	101
s-2_3_5r0g11	48	240	103
s-2_3_5r0g12	48	240	101
s-2_3_5r0g13	48	240	101
s-2_3_5r0g14	48	240	101
s-2_3_5r0g15	48	240	101
s-2_3_5r0g16	48	240	101
s-2_3_5r0g17	48	240	101
s-2_3_5r0g18	48	240	101
s-2_3_5r0g19	48	240	101
s-2_3_5r0g2	48	240	101
s-2_3_5r0g3	48	240	101
s-2_3_5r0g4	48	240	103
s-2_3_5r0g5	48	240	103
s-2_3_5r0g6	48	240	101
s-2_3_5r0g7	48	240	101
s-2_3_5r0g8	48	240	103
s-2_3_5r0g9	48	240	101
s-2_3_5r1g0	48	240	103
s-2_3_5r1g1	48	240	101
s-2_3_5r1g10	48	240	101
s-2_3_5r1g11	48	240	103
s-2_3_5r1g12	48	240	101
s-2_3_5r1g13	48	240	101
s-2_3_5r1g14	48	240	101
s-2_3_5r1g15	48	240	101
s-2_3_5r1g16	48	240	101
s-2_3_5r1g17	48	240	101
s-2_3_5r1g18	48	240	101
s-2_3_5r1g19	48	240	101
s-2_3_5r1g2	48	240	101
s-2_3_5r1g3	48	240	101
s-2_3_5r1g4	48	240	103
s-2_3_5r1g5	48	240	103
s-2_3_5r1g6	48	240	101
s-2_3_5r1g7	48	240	101
s-2_3_5r1g8	48	240	103
s-2_3_5r1g9	48	240	101
s-2_3_5r2g0	48	240	103
s-2_3_5r2g1	48	240	101
s-2_3_5r2g10	48	240	101
s-2_3_5r2g11	48	240	103
s-2_3_5r2g12	48	240	101
s-2_3_5r2g13	48	240	101
s-2_3_5r2g14	48	240	101
s-2_3_5r2g15	48	240	101
s-2_3_5r2g16	48	240	101
s-2_3_5r2g17	48	240	101
s-2_3_5r2g18	48	240	101
s-2_3_5r2g19	48	240	101
s-2_3_5r2g2	48	240	101
s-2_3_5r2g3	48	240	101
s-2_3_5r2g4	48	240	103
s-2_3_5r2g5	48	240	103
s-2_3_5r2g6	48	240	101
s-2_3_5r2g7	48	240	101
s-2_3_5r2g8	48	240	103
s-2_3_5r2g9	48	240	101
